"Date","Open","High","Low","Close","Volume","Adj Close"
"2016-02-01",15.97,16.049999,14.91,15.19,39813700,15.086186
"2016-01-29",15.57,16.469999,15.48,16.450001,44148200,16.337576
"2016-01-28",15.17,15.7,14.89,15.29,44750700,15.185503
"2016-01-27",14.69,15.3,14.07,14.22,39059200,13.998671
"2016-01-26",14.4,15.16,14.1,14.97,31242900,14.736997
"2016-01-25",15.14,15.74,14.18,14.19,36429300,13.969137
"2016-01-22",14.92,15.82,14.65,15.34,62530800,15.101238
"2016-01-21",12.83,14.62,12.47,13.88,69707200,13.663962
"2016-01-20",12.05,12.26,11.2,12.01,49810400,11.823068
"2016-01-19",13.17,13.42,12.21,12.55,34748900,12.354663
"2016-01-15",13.06,13.55,12.78,13,41974700,12.797659
"2016-01-14",13.06,14.05,12.95,13.98,37319000,13.762405
"2016-01-13",13.81,14.09,12.75,12.95,41765400,12.748437
"2016-01-12",14.31,14.61,12.93,13.6,46923100,13.388321
"2016-01-11",14.87,14.92,13.9,14.16,31359000,13.939604
"2016-01-08",14.52,15.05,14.16,14.77,29611000,14.54011
"2016-01-07",14.46,14.86,14.13,14.25,27846800,14.028203
"2016-01-06",15.16,15.28,14.62,14.77,28462600,14.54011
"2016-01-05",15.35,15.65,14.99,15.58,29113900,15.337502
"2016-01-04",14.89,15.5,14.83,15.27,33649600,15.032328
"2015-12-31",14.4,15.05,14.4,14.92,30263100,14.687775
"2015-12-30",14.6,15.15,14.47,14.54,35201600,14.31369
"2015-12-29",15.47,15.75,14.91,15.1,31517800,14.864974
"2015-12-28",15.79,15.83,15.16,15.26,28998300,15.022483
"2015-12-24",16.360001,16.66,15.92,16.08,16650600,15.82972
"2015-12-23",15.57,16.59,15.52,16.41,49429300,16.154583
"2015-12-22",15.03,15.92,15.03,15.32,34631200,15.081549
"2015-12-21",15.07,15.18,14.22,15.14,42261500,14.904351
"2015-12-18",15.37,15.6,15.01,15.14,59706500,14.904351
"2015-12-17",15.86,15.94,15.11,15.37,42606100,15.130771
"2015-12-16",15.73,16.219999,15.64,15.94,41548600,15.691899
"2015-12-15",16.1,16.469999,15.81,15.84,46912400,15.593456
"2015-12-14",16.309999,16.49,15.5,16,70692900,15.750965
"2015-12-11",16.48,17.08,16.030001,16.66,85328100,16.400692
"2015-12-10",16.549999,17.450001,16.5,17.01,77769300,16.745245
"2015-12-09",15.72,17.35,15.72,16.809999,196318100,16.548357
"2015-12-08",15.29,16.16,15.06,15.72,159174900,15.475323
"2015-12-07",15.66,16.59,15.13,16.42,137200200,16.164428
"2015-12-04",18.91,19,16.559999,16.82,153024500,16.558202
"2015-12-03",20.610001,20.66,19.139999,19.26,73717300,18.960224
"2015-12-02",22.18,22.190001,20.389999,20.66,67556600,20.338434
"2015-12-01",23.6,23.620001,22.360001,22.42,29355600,22.07104
"2015-11-30",23.82,23.99,23.51,23.57,21295100,23.20314
"2015-11-27",23.98,24.09,23.799999,23.870001,7419300,23.498472
"2015-11-25",24.299999,24.620001,24,24.1,15940200,23.724892
"2015-11-24",23.690001,24.43,23.620001,24.41,24222200,24.030066
"2015-11-23",23.48,24.09,23.280001,23.67,17791000,23.301584
"2015-11-20",23.700001,23.91,23.35,23.389999,19739900,23.025942
"2015-11-19",24.200001,24.309999,23.459999,23.66,16081000,23.29174
"2015-11-18",23.48,24.33,23.469999,24.299999,25328800,23.921778
"2015-11-17",24.049999,24.07,23.110001,23.360001,18029900,22.99641
"2015-11-16",23.35,24.07,23.309999,24.030001,20676100,23.655981
"2015-11-13",23.450001,23.809999,22.57,23.35,26398700,22.986565
"2015-11-12",24.15,24.15,23.389999,23.459999,26245100,23.094852
"2015-11-11",25.41,25.48,24.23,24.4,24793100,24.020221
"2015-11-10",25.549999,25.76,25.309999,25.450001,13289300,25.05388
"2015-11-09",26.139999,26.299999,25.4,25.559999,15609700,25.162166
"2015-11-06",25.66,26.09,25.200001,26.059999,23294600,25.654384
"2015-11-05",26.799999,27,25.57,25.91,23001100,25.506719
"2015-11-04",27.52,27.639999,26.450001,26.809999,22767500,26.39271
"2015-11-03",26.66,27.780001,26.43,27.51,20129900,27.081816
"2015-11-02",26.360001,27.120001,26.280001,26.620001,26276200,26.205669
"2015-10-30",27.34,27.49,26.6,27.35,19809200,26.924306
"2015-10-29",27.25,27.549999,27.07,27.200001,15677100,26.776641
"2015-10-28",27.35,27.799999,27.27,27.74,23600100,26.806174
"2015-10-27",27.299999,27.52,26.959999,27.280001,28020000,26.36166
"2015-10-26",28.07,28.540001,27.48,27.559999,41037500,26.632233
"2015-10-23",29.709999,29.75,28.959999,29.23,19729300,28.246015
"2015-10-22",31.42,31.42,28.92,29.75,42030300,28.748511
"2015-10-21",31.940001,32.200001,31.309999,31.42,11902500,30.362293
"2015-10-20",31.5,32.040001,31.32,31.93,9148100,30.855124
"2015-10-19",31.68,32.110001,31.139999,31.719999,11211200,30.652193
"2015-10-16",32.57,32.790001,31.780001,32.209999,9741500,31.125697
"2015-10-15",31.860001,32.32,31.18,32.23,8701500,31.145025
"2015-10-14",31.42,31.809999,31.190001,31.73,10165500,30.661856
"2015-10-13",32.029999,32.279999,31.450001,31.48,11646800,30.420272
"2015-10-12",32.43,32.48,31.809999,32.290001,10832400,31.203006
"2015-10-09",32.779999,32.869999,32.060001,32.349998,11714200,31.260984
"2015-10-08",32.150002,32.889999,31.790001,32.68,13559600,31.579877
"2015-10-07",32.040001,32.740002,31.52,32.139999,20770900,31.058054
"2015-10-06",30.99,31.85,30.93,31.780001,16970300,30.710174
"2015-10-05",30.01,31.09,29.950001,30.950001,20112700,29.908115
"2015-10-02",27.889999,29.639999,27.76,29.629999,21982700,28.632549
"2015-10-01",28.219999,28.42,27.690001,28.129999,17190700,27.183045
"2015-09-30",26.969999,27.73,26.450001,27.68,28022300,26.748194
"2015-09-29",27.629999,27.809999,25.809999,26.16,31528600,25.279362
"2015-09-28",29.17,29.26,27.540001,27.549999,21313200,26.62257
"2015-09-25",29.610001,29.68,29.120001,29.42,13195300,28.42962
"2015-09-24",29.01,29.389999,28.360001,29.34,24926600,28.352313
"2015-09-23",30.18,30.25,29.049999,29.059999,13009800,28.081738
"2015-09-22",30.309999,30.639999,29.950001,30.110001,9837600,29.096392
"2015-09-21",30.51,30.870001,30.34,30.67,9636800,29.63754
"2015-09-18",30.41,30.879999,30.299999,30.379999,30589800,29.357302
"2015-09-17",30.75,31.280001,30.559999,30.83,15865700,29.792154
"2015-09-16",30.379999,30.790001,30.309999,30.690001,14039900,29.656867
"2015-09-15",29.860001,30.219999,29.860001,30.190001,10595400,29.173699
"2015-09-14",29.99,30.17,29.700001,29.860001,9674100,28.854808
"2015-09-11",30.26,30.299999,29.809999,30.1,13886600,29.086729
"2015-09-10",30.74,30.93,30.34,30.5,11384800,29.473263
"2015-09-09",31.34,31.530001,30.6,30.639999,11298600,29.608549
"2015-09-08",31.040001,31.209999,30.66,31.09,13803600,30.043402
"2015-09-04",30.780001,31.030001,30.6,30.77,12081800,29.734174
"2015-09-03",31.469999,31.790001,30.91,31.08,12123100,30.033738
"2015-09-02",31.77,31.77,30.75,31.309999,13794300,30.255995
"2015-09-01",31.82,32.09,31.07,31.389999,17001500,30.333302
"2015-08-31",32.439999,32.830002,31.73,32.41,19084600,31.318965
"2015-08-28",32,33.07,32,32.630001,16667000,31.531561
"2015-08-27",31.379999,32.169998,31.1,32,18991700,30.922768
"2015-08-26",30.27,30.91,29.860001,30.790001,16906300,29.753501
"2015-08-25",31.5,31.540001,29.93,29.93,17602200,28.922451
"2015-08-24",29.549999,31.450001,28.5,30.280001,21738000,29.26067
"2015-08-21",32.5,32.75,31.790001,31.790001,17683600,30.719838
"2015-08-20",33.349998,33.490002,32.689999,32.689999,13786200,31.589538
"2015-08-19",33.810001,33.98,33.169998,33.580002,13184400,32.449581
"2015-08-18",34.43,34.439999,33.709999,33.939999,11530000,32.797459
"2015-08-17",34.009998,34.810001,33.959999,34.360001,15873000,33.203322
"2015-08-14",34.259998,34.299999,33.849998,33.959999,17777100,32.816786
"2015-08-13",33.810001,33.869999,32.970001,33.139999,11537900,32.024391
"2015-08-12",32.59,34.060001,32.59,33.849998,20997300,32.710489
"2015-08-11",32.279999,32.950001,32.060001,32.889999,15593000,31.782807
"2015-08-10",32.23,32.619999,32.150002,32.5,16658900,31.405936
"2015-08-07",32.529999,32.82,32.060001,32.139999,13378200,31.058054
"2015-08-06",32.009998,32.740002,31.09,32.689999,24389900,31.589538
"2015-08-05",33.779999,34.09,32.189999,32.240002,25141200,31.15469
"2015-08-04",33.889999,34.02,33.450001,33.66,12619300,32.526886
"2015-08-03",34.349998,34.380001,33.709999,33.75,19066500,32.613856
"2015-07-31",34.869999,35.150002,34.57,34.639999,14217900,33.473895
"2015-07-30",35.27,35.389999,34.889999,35.029999,12778500,33.850766
"2015-07-29",34.900002,35.279999,34.59,35.240002,19895300,34.053699
"2015-07-28",35.509998,35.919998,35.130001,35.57,17220800,33.899084
"2015-07-27",34.650002,35.41,34.119999,35.220001,18827700,33.565526
"2015-07-24",34.970001,35.259998,34.759998,34.849998,13054300,33.212905
"2015-07-23",35.310001,35.5,34.650002,34.950001,16307000,33.308209
"2015-07-22",35.720001,35.830002,35.25,35.360001,15381000,33.698949
"2015-07-21",36.240002,36.240002,35.560001,35.84,17693100,34.156401
"2015-07-20",36.880001,36.889999,36.25,36.299999,12922700,34.594791
"2015-07-17",37.209999,37.25,36.450001,36.889999,13944500,35.157076
"2015-07-16",37.84,38.02,37.240002,37.400002,13587600,35.64312
"2015-07-15",37.900002,38.220001,37.48,37.580002,10426800,35.814665
"2015-07-14",37.869999,38.389999,37.799999,38.02,10260600,36.233994
"2015-07-13",38.279999,38.580002,38.040001,38.189999,10243200,36.396007
"2015-07-10",37.650002,38.169998,37.610001,38.09,8792400,36.300706
"2015-07-09",37.540001,37.919998,37.48,37.5,9087100,35.738421
"2015-07-08",37.66,37.880001,37.16,37.299999,10496700,35.547816
"2015-07-07",37.540001,37.84,37.099998,37.740002,12956900,35.967149
"2015-07-06",37.619999,37.900002,37.189999,37.5,9553600,35.738421
"2015-07-02",38.43,38.5,37.919998,38.029999,8739000,36.243523
"2015-07-01",38.450001,38.52,37.740002,37.98,10625000,36.195873
"2015-06-30",38.619999,38.700001,38.349998,38.389999,10812400,36.586613
"2015-06-29",38.740002,39.110001,38.330002,38.360001,12289500,36.558023
"2015-06-26",38.880001,39.299999,38.560001,38.959999,35917900,37.129836
"2015-06-25",39.5,39.599998,38.919998,38.98,9188100,37.148897
"2015-06-24",39.419998,39.68,39.25,39.450001,10459500,37.59682
"2015-06-23",39.709999,39.810001,39.360001,39.43,10056200,37.577759
"2015-06-22",39.799999,40.279999,39.540001,39.650002,15374600,37.787426
"2015-06-19",39.91,39.959999,39.509998,39.540001,16779700,37.682592
"2015-06-18",39.639999,40.25,39.439999,40.080002,15194300,38.197226
"2015-06-17",39.68,39.740002,39.23,39.52,12393000,37.663531
"2015-06-16",39.459999,39.709999,39.099998,39.490002,11661000,37.634942
"2015-06-15",38.389999,39.599998,38.389999,39.360001,15535600,37.511048
"2015-06-12",38.91,39.419998,38.330002,38.919998,27761600,37.091714
"2015-06-11",40.169998,40.18,39.75,39.779999,11938200,37.911316
"2015-06-10",40.490002,40.52,40.16,40.23,8036600,38.340178
"2015-06-09",40.060001,40.400002,40.02,40.240002,7012200,38.34971
"2015-06-08",40.240002,40.689999,40.130001,40.200001,6453300,38.311588
"2015-06-05",40.080002,40.759998,39.77,40.400002,12104300,38.502194
"2015-06-04",40.599998,40.790001,40.09,40.099998,14621400,38.216284
"2015-06-03",41.189999,41.189999,40.740002,40.869999,9184400,38.950113
"2015-06-02",41.330002,41.43,40.919998,41.290001,8267600,39.350385
"2015-06-01",41.369999,41.470001,41.119999,41.290001,8953600,39.350385
"2015-05-29",41.48,41.740002,41.419998,41.490002,9531700,39.540991
"2015-05-28",41.810001,41.84,41.509998,41.619999,9250300,39.664881
"2015-05-27",42.02,42.139999,41.810001,41.990002,8585400,40.017503
"2015-05-26",42.5,42.5,41.939999,42.09,7409400,40.112804
"2015-05-22",42.349998,42.860001,42.25,42.689999,5626600,40.684617
"2015-05-21",42.720001,42.880001,42.5,42.66,5862500,40.656028
"2015-05-20",42.869999,42.869999,42.380001,42.59,6005000,40.589316
"2015-05-19",42.720001,42.990002,42.639999,42.860001,5859300,40.846633
"2015-05-18",42.630001,42.91,42.5,42.830002,6951200,40.818044
"2015-05-15",42.310001,42.650002,42.220001,42.619999,9122100,40.617906
"2015-05-14",42.27,42.5,42.07,42.139999,6944300,40.160455
"2015-05-13",42.84,42.91,41.939999,42.16,11285900,40.179516
"2015-05-12",42.490002,42.830002,42.27,42.700001,7106800,40.69415
"2015-05-11",42.990002,43,42.43,42.639999,5453400,40.636967
"2015-05-08",42.84,43.060001,42.720001,43.029999,6884300,41.008646
"2015-05-07",42.52,43.029999,42.299999,42.66,7628800,40.656028
"2015-05-06",42.810001,42.939999,42.509998,42.669998,6358300,40.665556
"2015-05-05",42.959999,42.990002,42.57,42.650002,5769800,40.646499
"2015-05-04",43.240002,43.34,42.810001,42.830002,6317000,40.818044
"2015-05-01",43.009998,43.150002,42.75,43.130001,6667800,41.103951
"2015-04-30",43.169998,43.189999,42.720001,42.950001,9123900,40.932406
"2015-04-29",43.150002,43.220001,42.77,43.07,9974300,41.046768
"2015-04-28",43.599998,43.700001,43.080002,43.200001,10311700,41.170662
"2015-04-27",44.450001,44.52,43.91,44.110001,8314800,41.580461
"2015-04-24",44.709999,44.709999,44.209999,44.34,6702800,41.797271
"2015-04-23",44.150002,44.669998,44.099998,44.57,11688300,42.014081
"2015-04-22",43.759998,44.200001,43.400002,44.07,7393200,41.542754
"2015-04-21",43.759998,44.049999,43.560001,43.610001,7973100,41.109134
"2015-04-20",44.02,44.400002,43.490002,43.709999,11344800,41.203398
"2015-04-17",43.400002,44,43.32,43.900002,13205700,41.382505
"2015-04-16",43.32,44.09,43.029999,43.68,15156200,41.17512
"2015-04-15",43.040001,43.509998,43.040001,43.43,12075800,40.939456
"2015-04-14",42.970001,43.099998,42.84,43.009998,8755800,40.54354
"2015-04-13",42.919998,43.110001,42.84,42.98,10172200,40.515261
"2015-04-10",42.360001,42.950001,42.25,42.93,12245500,40.468129
"2015-04-09",41.959999,42.349998,41.919998,42.34,7730500,39.911964
"2015-04-08",41.810001,42.380001,41.759998,42.049999,7602900,39.638593
"2015-04-07",41.98,42.209999,41.889999,41.990002,6913000,39.582036
"2015-04-06",41.709999,42.150002,41.59,41.970001,5482000,39.563183
"2015-04-02",41.810001,42,41.560001,41.720001,6200000,39.327519
"2015-04-01",42.450001,42.450001,41.860001,41.919998,8302200,39.516047
"2015-03-31",41.880001,42.290001,41.720001,42.060001,10712700,39.648022
"2015-03-30",41.959999,42.209999,41.77,42.07,11577800,39.657447
"2015-03-27",41.209999,41.580002,41.119999,41.27,7034100,38.903324
"2015-03-26",41.5,41.59,41.099998,41.279999,6586600,38.912749
"2015-03-25",41.5,41.68,41.119999,41.130001,9229100,38.771353
"2015-03-24",42.209999,42.25,41.200001,41.220001,9430500,38.856192
"2015-03-23",42.02,42.299999,41.75,42.150002,8867900,39.732861
"2015-03-20",41.52,42.119999,41.490002,42.119999,21224800,39.704579
"2015-03-19",41.48,41.66,41.27,41.529999,8100100,39.148413
"2015-03-18",40.98,41.82,40.77,41.560001,12010000,39.176695
"2015-03-17",40.610001,40.880001,40.27,40.830002,10133200,38.488558
"2015-03-16",39.779999,40.759998,39.720001,40.619999,11277000,38.290598
"2015-03-13",39.540001,39.959999,39.450001,39.919998,8330700,37.630739
"2015-03-12",39.93,39.93,39.560001,39.77,7540800,37.489343
"2015-03-11",40.02,40.099998,39.700001,39.810001,8420900,37.52705
"2015-03-10",39.849998,40.25,39.68,40.09,9492600,37.790992
"2015-03-09",40.310001,40.529999,40.029999,40.09,9103800,37.790992
"2015-03-06",40.639999,40.759998,40.25,40.41,8754900,38.092641
"2015-03-05",40.93,41.189999,40.779999,40.84,5594600,38.497983
"2015-03-04",41.009998,41.07,40.689999,41.040001,7788100,38.686514
"2015-03-03",40.950001,41.200001,40.529999,41.09,7826000,38.733646
"2015-03-02",41.02,41.279999,40.77,40.830002,10911300,38.488558
"2015-02-27",41.23,41.369999,40.810001,41.009998,10644300,38.658232
"2015-02-26",42,42.029999,41.02,41.220001,10869200,38.856192
"2015-02-25",42.169998,42.310001,42.02,42.110001,7227000,39.695154
"2015-02-24",42.029999,42.330002,41.860001,42.169998,7879400,39.75171
"2015-02-23",41.720001,42.029999,41.619999,42.029999,7653300,39.61974
"2015-02-20",41.880001,42.029999,41.580002,41.869999,9710000,39.468915
"2015-02-19",41.77,42.130001,41.77,42.009998,7892600,39.600886
"2015-02-18",41.84,42.220001,41.799999,42.18,7872400,39.761139
"2015-02-17",41.98,42.25,41.759998,42.099998,9040600,39.685725
"2015-02-13",41.919998,41.990002,41.700001,41.970001,8533100,39.563183
"2015-02-12",41.560001,41.82,41.34,41.759998,8276900,39.365223
"2015-02-11",41.380001,41.650002,41,41.209999,8115400,38.846764
"2015-02-10",41.299999,41.580002,41,41.549999,7945500,39.167266
"2015-02-06",41.650002,41.740002,41.290001,41.41,8133600,39.035295
"2015-02-05",41.299999,41.59,41.080002,41.490002,9425900,39.110709
"2015-02-04",41.259998,41.330002,40.700001,40.799999,12786300,38.460276
"2015-02-03",41.91,41.970001,41.169998,41.48,15759900,39.101281
"2015-02-02",41.360001,41.689999,40.34,41.619999,13584500,39.233252
"2015-01-30",40.32,41.52,40.200001,41.049999,14652700,38.695939
"2015-01-29",41.009998,41.029999,39.950001,40.709999,14249900,38.375437
"2015-01-28",42.470001,42.5,41.209999,41.360001,14269500,38.563968
"2015-01-27",42.169998,42.5,42.150002,42.43,9409800,39.561633
"2015-01-26",42.59,42.650002,42.009998,42.27,9304900,39.41245
"2015-01-23",42.5,42.540001,41.970001,42.27,11256400,39.41245
"2015-01-22",42.380001,42.93,41.709999,42.080002,16916400,39.235295
"2015-01-21",41.950001,42.18,41.82,42,10657600,39.160702
"2015-01-20",41.790001,41.91,41.25,41.82,8786200,38.99287
"2015-01-16",40.860001,41.580002,40.720001,41.529999,8760800,38.722474
"2015-01-15",41.220001,41.709999,40.599998,40.77,10391800,38.013853
"2015-01-14",40.43,41.279999,40.220001,41.220001,13330500,38.433433
"2015-01-13",41.610001,41.919998,40.57,40.889999,14166500,38.12574
"2015-01-12",41.599998,42,41.150002,41.610001,12522900,38.797067
"2015-01-09",42.41,42.5,41.529999,41.810001,10290500,38.983548
"2015-01-08",41.540001,42.599998,41.470001,42.34,15461200,39.477717
"2015-01-07",41.080002,41.650002,40.970001,41.369999,12045900,38.57329
"2015-01-06",41.25,41.549999,40.220001,40.830002,20020800,38.069798
"2015-01-05",42.32,42.689999,41.419998,41.650002,15811100,38.834364
"2015-01-02",42.310001,42.869999,42.27,42.810001,8662300,39.915945
"2014-12-31",42.639999,42.880001,42.209999,42.310001,8255700,39.449746
"2014-12-30",43,43.18,42.439999,42.5,10105900,39.626901
"2014-12-29",42.689999,43.18,42.599998,43.009998,13006000,40.102422
"2014-12-26",42.060001,42.810001,42.040001,42.700001,11262800,39.813381
"2014-12-24",41.889999,42.09,41.669998,42.009998,5081500,39.170024
"2014-12-23",41.830002,41.970001,41.619999,41.91,12495100,39.076786
"2014-12-22",40.59,41.580002,40.5,41.549999,16284300,38.741122
"2014-12-19",40.950001,41.75,40.689999,41.630001,52574900,38.815716
"2014-12-18",40.560001,40.75,39.560001,40.560001,21714600,37.818051
"2014-12-17",38.43,39.990002,38.360001,39.889999,23025300,37.193342
"2014-12-16",37.869999,39.09,37.060001,38.07,27586400,35.496379
"2014-12-15",39.369999,39.849998,38.099998,38.279999,24830500,35.692181
"2014-12-12",39.290001,39.860001,38.880001,39.169998,21666400,36.522015
"2014-12-11",39.52,40.220001,39.52,39.880001,24181200,37.18402
"2014-12-10",40.220001,40.23,39.220001,39.439999,27681600,36.773763
"2014-12-09",39.549999,40.790001,39.419998,40.650002,27811100,37.901966
"2014-12-08",40.98,41.080002,39.5,39.84,31484000,37.146723
"2014-12-05",41.91,41.91,41.080002,41.119999,37490800,38.340191
"2014-12-04",41.560001,41.799999,41.009998,41.459999,39118600,38.657206
"2014-12-03",41.669998,42.16,41.5,41.830002,58148500,39.002196
"2014-12-02",40.82,41.799999,40.540001,41.619999,32259000,38.80639
"2014-12-01",41.150002,41.349998,39.91,40.939999,63805600,38.172359
"2014-11-28",41.380001,42.349998,41.009998,41.349998,38714200,38.554642
"2014-11-26",40.860001,42.41,40.66,42.32,251528800,39.459069
"2014-11-25",41.5,41.740002,40.740002,40.75,36325100,37.995205
"2014-11-24",40.080002,41.009998,39.990002,40.790001,29886700,38.032502
"2014-11-21",40.080002,40.419998,39.439999,39.75,58600500,37.062807
"2014-11-20",40.66,41.450001,39.91,39.919998,52556900,37.221313
"2014-11-19",40.290001,41,40.23,40.939999,22295900,38.172359
"2014-11-18",40.200001,40.860001,40.169998,40.41,20728500,37.678189
"2014-11-17",39.34,40.459999,39.23,40.25,21587500,37.529006
"2014-11-14",38.419998,39.560001,38.349998,39.369999,19615700,36.708495
"2014-11-13",38.439999,38.84,38.169998,38.380001,22025100,35.785423
"2014-11-12",38.41,38.790001,38.349998,38.529999,16220400,35.925281
"2014-11-11",38.580002,38.849998,38.290001,38.540001,12002200,35.934607
"2014-11-10",38.880001,38.98,38.349998,38.5,14236400,35.89731
"2014-11-07",38.5,39,38.419998,38.75,16004100,36.130409
"2014-11-06",38.099998,38.610001,37.720001,38.529999,19672200,35.925281
"2014-11-05",37.610001,38.130001,37.200001,38.099998,12767900,35.52435
"2014-11-04",38.279999,38.279999,37.279999,37.459999,12330800,34.927616
"2014-11-03",38.720001,38.919998,38.380001,38.5,13378300,35.89731
"2014-10-31",38.830002,38.93,38.400002,38.700001,14156800,36.08379
"2014-10-30",38.16,38.810001,38.080002,38.540001,9595300,35.934607
"2014-10-29",38.889999,39.080002,37.84,38.330002,9880600,35.738804
"2014-10-28",39.189999,39.259998,38.75,39.169998,10581800,36.111761
"2014-10-27",38.91,39.080002,38.5,38.93,9965400,35.890501
"2014-10-24",38.720001,39.099998,38.259998,39.029999,11024800,35.982692
"2014-10-23",38.68,39.209999,38.41,38.68,14332600,35.66002
"2014-10-22",38.34,38.799999,37.889999,37.919998,16867300,34.959356
"2014-10-21",37.98,38.360001,37.68,38.310001,15430100,35.31891
"2014-10-20",36.950001,37.59,36.82,37.57,8710200,34.636684
"2014-10-17",37.32,37.869999,36.369999,36.810001,16616600,33.936024
"2014-10-16",34.700001,37.310001,34.52,36.82,30303100,33.945241
"2014-10-15",33.939999,35.619999,33.25,35.290001,23247300,32.534699
"2014-10-14",35.509998,35.869999,33.459999,34.5,30041000,31.806378
"2014-10-13",36.490002,37.16,35.43,35.5,14888700,32.728302
"2014-10-10",36.639999,37.330002,35.630001,36.470001,18427500,33.622569
"2014-10-09",38.200001,38.369999,36.68,36.700001,15882700,33.834611
"2014-10-08",38.220001,38.34,37.369999,38.259998,13279800,35.272811
"2014-10-07",38.560001,39.029999,38.23,38.25,8353100,35.263593
"2014-10-06",38.990002,39.049999,38.48,38.720001,6837600,35.696898
"2014-10-03",39.48,39.599998,38.799999,38.860001,12287700,35.825967
"2014-10-02",38.5,39.52,38.299999,39.389999,19066400,36.314586
"2014-10-01",38.349998,38.610001,38.099998,38.200001,9320900,35.217497
"2014-09-30",38.529999,38.580002,38.060001,38.34,8794900,35.346566
"2014-09-29",38.18,38.59,37.900002,38.529999,8318800,35.52173
"2014-09-26",37.799999,38.669998,37.509998,38.389999,7823500,35.392662
"2014-09-25",38.459999,38.549999,37.630001,37.720001,10188100,34.774974
"2014-09-24",38.150002,38.599998,37.799999,38.48,11922200,35.475635
"2014-09-23",37.720001,38.310001,37.66,38.209999,14896800,35.226715
"2014-09-22",37.849998,37.849998,37.34,37.5,8131800,34.57215
"2014-09-19",38.220001,38.34,37.900002,37.970001,13634500,35.005455
"2014-09-18",38.189999,38.25,37.799999,38,6827700,35.033112
"2014-09-17",38.27,38.439999,37.939999,38.130001,8430100,35.152963
"2014-09-16",37.66,38.540001,37.599998,38.25,11782700,35.263593
"2014-09-15",37.700001,37.790001,37.5,37.709999,8777800,34.765753
"2014-09-12",38.299999,38.389999,37.43,37.759998,10700800,34.811849
"2014-09-11",38.23,38.450001,38.07,38.349998,8893000,35.355784
"2014-09-10",38.330002,38.48,38.23,38.389999,11399600,35.392662
"2014-09-09",38.66,39.029999,38.290001,38.299999,14330300,35.309688
"2014-09-08",39.259998,39.259998,38.529999,38.66,8172100,35.641582
"2014-09-05",39.110001,39.400002,38.919998,39.310001,7935400,36.240834
"2014-09-04",39.57,39.59,38.869999,39.049999,10049200,36.001131
"2014-09-03",39.98,40.02,39.529999,39.57,10087400,36.480532
"2014-09-02",40.310001,40.310001,39.75,39.860001,9044100,36.747891
"2014-08-29",39.82,40.48,39.68,40.259998,13656400,37.116658
"2014-08-28",39.799999,39.91,39.599998,39.77,12654900,36.664918
"2014-08-27",40.130001,40.150002,39.5,39.93,13832600,36.812425
"2014-08-26",40.650002,40.66,39.98,40.060001,10889200,36.932277
"2014-08-25",40.860001,41.07,40.310001,40.529999,15441800,37.365578
"2014-08-22",41.16,41.18,40.619999,40.810001,9569700,37.62372
"2014-08-21",41.529999,41.599998,41.169998,41.25,10361000,38.029365
"2014-08-20",41.41,41.82,41.240002,41.599998,13096600,38.352037
"2014-08-18",41.16,41.279999,40.84,41.139999,27728600,37.927953
"2014-08-15",40.669998,41.5,40.380001,41.43,40436700,38.195311
"2014-08-14",39.150002,39.950001,38.84,39.880001,26751100,36.76633
"2014-08-13",38.73,39.110001,37.860001,38.77,29509700,35.742994
"2014-08-12",38.939999,39.200001,38.080002,38.73,39598500,35.706116
"2014-08-11",42.41,42.490002,37.619999,39.369999,139982500,36.296147
"2014-08-08",35.529999,36.150002,35.43,36.119999,3215000,33.299894
"2014-08-07",35.700001,35.84,35.200001,35.369999,3533100,32.608451
"2014-08-06",35.540001,35.919998,35.41,35.560001,3232900,32.783619
"2014-08-05",36.07,36.16,35.5,35.540001,3435100,32.76518
"2014-08-04",35.610001,36.349998,35.369999,36.25,4080700,33.419745
"2014-08-01",35.959999,35.990002,35.209999,35.490002,5792500,32.719084
"2014-07-31",37.119999,37.18,35.970001,35.98,8244100,33.170825
"2014-07-30",37.32,37.59,36.98,37.299999,4308400,34.387764
"2014-07-29",37.389999,37.639999,37.130001,37.169998,4167500,34.267913
"2014-07-28",37.950001,37.950001,37.549999,37.790001,3365500,34.44308
"2014-07-25",37.84,38.02,37.73,37.900002,2874200,34.543338
"2014-07-24",37.889999,37.950001,37.630001,37.880001,5757500,34.525109
"2014-07-23",37.75,37.810001,37.599998,37.700001,3799500,34.361051
"2014-07-22",37.75,38.049999,37.630001,37.650002,4266900,34.31548
"2014-07-21",37.549999,37.68,37.290001,37.610001,6287400,34.279022
"2014-07-18",36.98,37.59,36.799999,37.549999,7537300,34.224335
"2014-07-17",36.099998,37.360001,35.950001,36.810001,10018600,33.549876
"2014-07-16",36.150002,36.939999,36.009998,36.91,8748800,33.641018
"2014-07-15",35.959999,36.209999,35.810001,36.169998,4175400,32.966555
"2014-07-14",35.799999,36.169998,35.73,35.970001,2921200,32.784271
"2014-07-11",35.630001,35.720001,35.450001,35.630001,3084600,32.474384
"2014-07-10",35.5,35.779999,35.360001,35.68,2876900,32.519955
"2014-07-09",35.599998,35.799999,35.380001,35.790001,6420900,32.620213
"2014-07-08",35.560001,35.639999,35.200001,35.529999,3771200,32.383238
"2014-07-07",35.57,35.709999,35.509998,35.610001,3861000,32.456154
"2014-07-03",35.900002,35.970001,35.540001,35.650002,2896300,32.492613
"2014-07-02",36.099998,36.209999,35.73,35.75,4721500,32.583755
"2014-07-01",36.299999,36.32,35.900002,36.049999,6227300,32.857184
"2014-06-30",36.119999,36.369999,35.950001,36.259998,4032000,33.048584
"2014-06-27",35.970001,36.200001,35.900002,36.040001,10016300,32.848071
"2014-06-26",35.93,36.02,35.650002,36,3003500,32.811613
"2014-06-25",35.93,36,35.529999,35.970001,6107800,32.784271
"2014-06-24",36.07,36.330002,36.040001,36.110001,6369400,32.911871
"2014-06-23",36.040001,36.040001,35.709999,36.009998,5985400,32.820726
"2014-06-20",35.66,36.5,35.509998,36.029999,9455200,32.838955
"2014-06-19",35.099998,35.400002,34.889999,35.400002,7080400,32.264754
"2014-06-18",35,35.169998,34.619999,35.07,6753200,31.963979
"2014-06-17",35.380001,35.48,34.950001,34.970001,7209600,31.872837
"2014-06-16",35.220001,35.52,35,35.380001,5432800,32.246525
"2014-06-13",34.959999,35.200001,34.830002,35.189999,3011300,32.073351
"2014-06-12",34.900002,35,34.759998,34.91,4305000,31.81815
"2014-06-11",34.959999,35.049999,34.810001,34.900002,2874000,31.809037
"2014-06-10",34.970001,35.189999,34.900002,35.07,3965900,31.963979
"2014-06-09",35.099998,35.389999,34.959999,35.060001,4041300,31.954867
"2014-06-06",34.869999,35.279999,34.700001,35.080002,5740900,31.973096
"2014-06-05",34.209999,34.759998,34.150002,34.619999,5875200,31.553834
"2014-06-04",33.93,34.27,33.830002,34.049999,5532400,31.034317
"2014-06-03",33.68,33.889999,33.549999,33.82,6188900,30.824687
"2014-06-02",33.450001,33.799999,33.330002,33.720001,4220200,30.733545
"2014-05-30",33.5,33.540001,33.27,33.389999,8654500,30.432771
"2014-05-29",33.66,33.740002,33.48,33.599998,4361400,30.624171
"2014-05-28",33.720001,33.77,33.290001,33.59,10312600,30.615058
"2014-05-27",33.75,33.810001,33.509998,33.599998,3855600,30.624171
"2014-05-23",33.98,33.98,33.490002,33.68,3851800,30.697087
"2014-05-22",33.48,33.950001,33.48,33.77,4875500,30.779116
"2014-05-21",33.299999,33.490002,33.23,33.439999,3863200,30.478342
"2014-05-20",33.32,33.41,33.150002,33.25,5727200,30.30517
"2014-05-19",33.389999,33.52,33.130001,33.32,7084000,30.36897
"2014-05-16",33.5,33.700001,33.299999,33.450001,10347600,30.487458
"2014-05-15",33.75,33.830002,33.009998,33.450001,10397800,30.487458
"2014-05-14",32.549999,33.360001,32.52,33.169998,5335200,30.232254
"2014-05-13",32.41,32.52,32.290001,32.439999,4153100,29.566908
"2014-05-12",32.360001,32.560001,32.099998,32.380001,5591600,29.512224
"2014-05-09",32.5,32.619999,32.099998,32.150002,4493300,29.302595
"2014-05-08",32.779999,33.049999,32.439999,32.52,4614000,29.639824
"2014-05-07",32.709999,32.860001,32.57,32.779999,4042600,29.876795
"2014-05-06",32.869999,32.93,32.380001,32.549999,6673000,29.667166
"2014-05-05",32.549999,32.860001,32.549999,32.740002,3949000,29.840341
"2014-05-02",32.59,32.880001,32.549999,32.720001,5151400,29.822112
"2014-05-01",32.709999,32.77,32.299999,32.599998,5955200,29.712737
"2014-04-30",32.93,32.950001,32.59,32.66,4696900,29.767424
"2014-04-29",32.630001,33.200001,32.5,33.02,5545900,30.095541
"2014-04-28",32.720001,32.939999,32.259998,32.380001,6946100,29.512224
"2014-04-25",33.689999,33.689999,33,33,7112700,29.694511
"2014-04-24",33.720001,33.889999,33.599998,33.68,5201900,30.306399
"2014-04-23",33.549999,33.98,33.48,33.610001,5404200,30.243411
"2014-04-22",33.439999,33.59,33.16,33.450001,4670100,30.099437
"2014-04-21",33.91,33.98,33.150002,33.400002,5303900,30.054446
"2014-04-17",32.610001,33.950001,32.52,33.77,9640000,30.387384
"2014-04-16",33.099998,33.349998,33.009998,33.310001,5407800,29.973461
"2014-04-15",32.389999,32.93,32.299999,32.900002,5423000,29.604529
"2014-04-14",32.689999,32.689999,32.240002,32.439999,4283800,29.190603
"2014-04-11",32.630001,32.849998,32.209999,32.290001,4518000,29.05563
"2014-04-10",32.919998,33.25,32.529999,32.68,4469400,29.406565
"2014-04-09",33.080002,33.09,32.549999,32.919998,8765700,29.622523
"2014-04-08",32.32,33.080002,32.240002,33.049999,5535100,29.739502
"2014-04-07",32.98,33,32.209999,32.240002,5075500,29.010639
"2014-04-04",33.110001,33.41,32.900002,33.02,4207500,29.712508
"2014-04-03",32.939999,33.009998,32.790001,32.959999,3219400,29.658517
"2014-04-02",32.830002,32.889999,32.669998,32.810001,3101200,29.523544
"2014-04-01",32.599998,32.889999,32.380001,32.880001,4153100,29.586532
"2014-03-31",32.240002,32.59,32.040001,32.490002,4057100,29.235598
"2014-03-28",32.459999,32.48,32.040001,32.139999,4773000,28.920654
"2014-03-27",31.84,32.389999,31.76,32.299999,5980600,29.064627
"2014-03-26",31.690001,32.029999,31.68,31.84,6136600,28.650704
"2014-03-25",31.450001,31.629999,31.370001,31.610001,4612600,28.443743
"2014-03-24",31.32,31.620001,31.18,31.389999,4438700,28.245779
"2014-03-21",31.73,31.790001,31.129999,31.15,7637600,28.029819
"2014-03-20",30.950001,31.49,30.809999,31.48,4707800,28.326764
"2014-03-19",31.629999,31.67,30.98,31.059999,5843700,27.948834
"2014-03-18",31.68,31.85,31.540001,31.559999,3639200,28.39875
"2014-03-17",31.77,31.790001,31.15,31.68,6366700,28.506731
"2014-03-14",31.049999,31.9,31,31.700001,7393100,28.524728
"2014-03-13",31.309999,31.48,30.93,30.959999,10796500,27.85885
"2014-03-12",31.48,31.6,31.27,31.290001,11104700,28.155797
"2014-03-11",31.700001,31.91,31.540001,31.59,10244700,28.425746
"2014-03-07",32.43,32.470001,31.969999,32,9107700,28.794678
"2014-03-06",32.439999,32.490002,32.240002,32.290001,5284400,29.05563
"2014-03-05",32.299999,32.549999,32.16,32.200001,6326100,28.974645
"2014-03-04",31.9,32.18,31.790001,32.049999,6802900,28.839669
"2014-03-03",31.719999,31.780001,31.49,31.639999,7994300,28.470737
"2014-02-28",31.940001,32.009998,31.709999,31.85,8643900,28.659703
"2014-02-27",32.049999,32.299999,31.780001,31.870001,10290600,28.6777
"2014-02-26",32.900002,32.93,32.080002,32.169998,10362900,28.947648
"2014-02-25",32.27,33.119999,32.209999,32.889999,14889900,29.595529
"2014-02-24",32.279999,32.610001,31.450001,32.099998,24351000,28.88466
"2014-02-21",33.380001,33.549999,33.009998,33.029999,6384600,29.721505
"2014-02-20",33.330002,33.369999,32.849998,33.23,8088100,29.901473
"2014-02-19",33.700001,33.77,33.080002,33.150002,5968600,29.829488
"2014-02-18",33.810001,33.93,33.630001,33.709999,4523200,30.333393
"2014-02-14",33.700001,33.869999,33.540001,33.779999,4387100,30.396381
"2014-02-13",33.740002,33.93,33.560001,33.66,5474500,30.288402
"2014-02-12",33.950001,34.139999,33.709999,33.830002,4010100,30.441375
"2014-02-11",33.91,34.099998,33.849998,33.939999,6609600,30.540354
"2014-02-10",33.970001,33.970001,33.459999,33.790001,4660400,30.405381
"2014-02-07",33.900002,34.080002,33.700001,33.990002,5664200,30.585348
"2014-02-06",33.25,33.799999,33.18,33.630001,5342500,30.261408
"2014-02-05",33.5,33.580002,33.009998,33.240002,5314000,29.910473
"2014-02-04",33.5,33.82,33.299999,33.66,7952500,30.288402
"2014-02-03",34.060001,34.189999,33.25,33.32,9047800,29.982458
"2014-01-31",33.98,34.490002,33.599998,34.009998,6403400,30.603342
"2014-01-30",34.709999,34.709999,34.259998,34.32,5677300,30.882292
"2014-01-29",35.150002,35.16,33.650002,34.099998,13417900,30.684327
"2014-01-28",35.57,35.959999,35.529999,35.889999,5712700,31.926098
"2014-01-27",35.759998,35.84,35.380001,35.66,6743300,31.721501
"2014-01-24",35.830002,35.900002,35.419998,35.470001,5971300,31.552487
"2014-01-23",36.23,36.299999,35.810001,36.040001,5692600,32.059532
"2014-01-22",35.91,36.450001,35.75,36.389999,7546200,32.370875
"2014-01-21",35.959999,35.959999,35.68,35.740002,6741400,31.792667
"2014-01-17",35.599998,35.669998,35.5,35.57,8486400,31.641441
"2014-01-16",35.610001,35.880001,35.439999,35.549999,8401500,31.623649
"2014-01-15",35.5,35.68,35.439999,35.490002,6331200,31.570278
"2014-01-14",35.73,35.779999,35.43,35.5,8893100,31.579172
"2014-01-13",35.889999,35.959999,35.450001,35.459999,4100200,31.543589
"2014-01-10",36.07,36.200001,35.799999,35.900002,3981200,31.934995
"2014-01-09",36.18,36.27,35.77,35.91,5884200,31.943889
"2014-01-08",36.310001,36.34,35.849998,36,2977200,32.023949
"2014-01-07",36.040001,36.259998,35.939999,36.189999,3167700,32.192963
"2014-01-06",36.060001,36.099998,35.580002,35.950001,3853300,31.979472
"2014-01-03",35.91,36.110001,35.75,35.970001,2736300,31.997264
"2014-01-02",35.990002,36.25,35.75,35.91,4214300,31.943889
"2013-12-31",36.310001,36.509998,35.93,36,4907700,32.023949
"2013-12-30",35.98,36.349998,35.950001,36.209999,3588600,32.210755
"2013-12-27",35.799999,35.939999,35.52,35.91,2083100,31.943889
"2013-12-26",35.619999,35.810001,35.59,35.709999,3119700,31.765978
"2013-12-24",35.560001,35.619999,35.349998,35.509998,2278900,31.588066
"2013-12-23",35.349998,35.779999,35.25,35.490002,4446400,31.570278
"2013-12-20",34.860001,35.220001,34.470001,35.220001,7365800,31.330098
"2013-12-19",34.279999,35.009998,33.919998,34.759998,8860400,30.920901
"2013-12-18",33.5,34.48,33.450001,34.330002,11788700,30.538395
"2013-12-17",32.68,33.599998,32.619999,33.43,11145500,29.737795
"2013-12-16",33.02,33.02,32.580002,32.700001,7588800,29.088421
"2013-12-13",32.869999,33.07,32.619999,32.830002,5011800,29.204064
"2013-12-12",32.549999,32.990002,32.299999,32.880001,8266500,29.248541
"2013-12-11",32.900002,32.939999,32.529999,32.580002,6803100,28.981676
"2013-12-10",33.299999,33.349998,32.860001,32.889999,8172500,29.257435
"2013-12-09",33.459999,33.759998,33.299999,33.349998,5421500,29.666629
"2013-12-06",33.18,33.77,33.049999,33.509998,8214600,29.808958
"2013-12-05",33.41,33.439999,32.82,32.98,10316300,29.337495
"2013-12-04",34.619999,34.619999,32.869999,33.43,18343900,29.737795
"2013-12-03",35.110001,35.169998,34.889999,35.040001,3943000,31.169978
"2013-12-02",35.540001,35.689999,34.93,35.200001,3241400,31.312307
"2013-11-29",35.830002,36.040001,35.459999,35.540001,2441300,31.614755
"2013-11-27",35.82,36.27,35.669998,35.84,3789800,31.881621
"2013-11-26",35.919998,35.950001,35.669998,35.860001,4763800,31.899412
"2013-11-25",35.560001,36.080002,35.529999,35.919998,3154200,31.952783
"2013-11-22",35.279999,35.580002,35.200001,35.52,2670500,31.596964
"2013-11-21",35.419998,35.450001,35.209999,35.279999,2372100,31.383469
"2013-11-20",35.259998,35.57,35.16,35.279999,3473100,31.383469
"2013-11-19",35.5,35.610001,35.139999,35.27,5325200,31.374575
"2013-11-18",35.330002,35.790001,35.220001,35.619999,5199000,31.685918
"2013-11-15",35.200001,35.349998,35.009998,35.349998,4422000,31.445738
"2013-11-14",34.57,35.240002,34.529999,35.02,4001300,31.152186
"2013-11-13",34.549999,34.59,34.349998,34.529999,4260300,30.716303
"2013-11-12",34.73,34.900002,34.549999,34.599998,2956800,30.778572
"2013-11-11",35.029999,35.080002,34.630001,34.700001,2585000,30.867529
"2013-11-08",34.759998,35,34.5,35,4242900,31.134395
"2013-11-07",35.200001,35.299999,34.73,34.779999,4744800,30.938692
"2013-11-06",35.25,35.259998,34.939999,35.16,4226100,31.276724
"2013-11-05",35,35.27,34.970001,35.110001,3680900,31.232247
"2013-11-04",35.43,35.48,34.689999,35.23,4964700,31.338992
"2013-11-01",35.240002,35.439999,34.939999,35.310001,3329400,31.410158
"2013-10-31",35.490002,35.57,35.16,35.310001,3761000,31.410158
"2013-10-30",35.900002,35.91,35.279999,35.560001,3295200,31.632547
"2013-10-29",35.919998,36.040001,35.57,35.779999,3921200,31.828246
"2013-10-28",36.580002,36.599998,36,36.099998,21593800,31.748185
"2013-10-25",36.450001,36.68,36.299999,36.490002,14528700,32.091174
"2013-10-24",36.049999,36.450001,35.959999,36.400002,14562200,32.012023
"2013-10-23",36.189999,36.25,35.77,35.950001,5051800,31.61627
"2013-10-22",35.529999,36.299999,35.259998,36.209999,8437500,31.844926
"2013-10-21",35.470001,35.540001,35.259998,35.419998,7039600,31.150158
"2013-10-18",35.380001,35.509998,35.200001,35.330002,8480100,31.071011
"2013-10-17",35.52,35.580002,34.669998,35.220001,8866300,30.974271
"2013-10-16",35.360001,35.68,35.189999,35.619999,5417400,31.326049
"2013-10-15",35.150002,35.43,34.959999,35.049999,6115000,30.824762
"2013-10-14",35.400002,35.459999,35.07,35.259998,5822100,31.009446
"2013-10-11",35.130001,35.599998,34.98,35.490002,3424600,31.211723
"2013-10-10",35.060001,35.290001,34.860001,35.279999,3482500,31.027036
"2013-10-09",34.599998,34.860001,34.5,34.790001,3989600,30.596107
"2013-10-08",35,35.060001,34.580002,34.59,3667800,30.420216
"2013-10-07",35.150002,35.209999,34.75,35.02,5043600,30.79838
"2013-10-04",35.400002,35.639999,35.18,35.400002,3650600,31.132572
"2013-10-03",35.720001,35.759998,35.110001,35.369999,4079300,31.106186
"2013-10-02",35.970001,36,35.34,35.849998,3871800,31.528323
"2013-10-01",35.630001,36.130001,35.490002,36.099998,3881500,31.748185
"2013-09-30",35.650002,35.720001,35.34,35.57,4493200,31.282077
"2013-09-27",35.880001,36.099998,35.740002,35.84,3310400,31.51953
"2013-09-26",35.990002,36.200001,35.849998,35.98,2452900,31.642652
"2013-09-25",36.279999,36.32,35.849998,35.970001,3836900,31.633859
"2013-09-24",35.98,36.34,35.950001,36.189999,2816900,31.827336
"2013-09-23",36.09,36.200001,35.889999,36.040001,2758700,31.69542
"2013-09-20",36.830002,36.900002,36.02,36.209999,10792000,31.844926
"2013-09-19",36.389999,36.880001,36.360001,36.779999,7271000,32.346212
"2013-09-18",35.59,36.299999,35.25,36.259998,11145800,31.888897
"2013-09-17",34.75,34.919998,34.540001,34.720001,7178300,30.534545
"2013-09-16",35.299999,35.529999,34.700001,34.720001,6662400,30.534545
"2013-09-13",35.610001,35.799999,34.970001,35.080002,7509500,30.851148
"2013-09-12",35.82,36.32,35.610001,35.610001,4975400,31.317256
"2013-09-11",37.080002,37.169998,35.720001,36.009998,8210700,31.669035
"2013-09-10",36.330002,37.060001,36.009998,37.049999,8375800,32.583665
"2013-09-09",35.459999,36.369999,35.400002,36.330002,10750400,31.950462
"2013-09-06",35.630001,36.240002,35.200001,35.220001,9955400,30.974271
"2013-09-05",35.310001,35.669998,34.82,35.5,18160500,31.220516
"2013-09-04",37.220001,37.34,35.290001,35.299999,24870100,31.044625
"2013-09-03",38.18,38.299999,37.259998,37.57,5927400,33.04098
"2013-08-30",38,38.049999,37.68,37.93,5491200,33.357583
"2013-08-29",37.060001,37.84,36.82,37.84,5132900,33.278432
"2013-08-28",37.110001,37.32,36.869999,37.110001,2541300,32.636433
"2013-08-27",36.810001,37.18,36.759998,37.119999,2975900,32.645226
"2013-08-26",37.310001,37.450001,36.869999,37,3542200,32.539693
"2013-08-23",37.189999,37.27,36.950001,37.23,3078900,32.741966
"2013-08-22",37.099998,37.240002,36.869999,37.119999,2481100,32.645226
"2013-08-21",36.939999,37.200001,36.759998,36.93,2670700,32.478131
"2013-08-20",36.560001,37.049999,36.349998,36.939999,5019500,32.486924
"2013-08-19",37.310001,37.41,36.619999,36.630001,4343100,32.214297
"2013-08-16",37.509998,37.709999,37.209999,37.439999,4741000,32.92665
"2013-08-15",37.209999,37.779999,37.049999,37.610001,3862400,33.076159
"2013-08-14",37.099998,37.389999,37.080002,37.32,2984300,32.821117
"2013-08-13",37.5,37.560001,36.880001,37.139999,4019000,32.662815
"2013-08-12",37.5,37.560001,37.040001,37.400002,4859100,32.891475
"2013-08-09",37.759998,37.799999,37.5,37.599998,3235600,33.067362
"2013-08-08",37.939999,38.009998,37.599998,37.75,4890900,33.199281
"2013-08-07",37.98,38.09,37.759998,37.889999,3138900,33.322404
"2013-08-06",37.650002,38.240002,37.540001,38.169998,4895000,33.568649
"2013-08-05",37.580002,37.68,37.349998,37.650002,3575500,33.111337
"2013-08-02",38,38,37.32,37.650002,6543000,33.111337
"2013-08-01",38.049999,38.169998,37.849998,37.91,7488200,33.339993
"2013-07-31",38.189999,38.259998,37.709999,37.759998,6052600,33.208074
"2013-07-30",38.400002,38.43,37.779999,37.919998,5085100,33.348786
"2013-07-29",38.209999,38.279999,38.049999,38.200001,2899300,33.595035
"2013-07-26",38.799999,38.860001,38.439999,38.709999,3452500,33.691774
"2013-07-25",38.759998,38.98,38.549999,38.869999,5692500,33.831032
"2013-07-24",39.34,39.369999,38.599998,38.759998,4200800,33.735291
"2013-07-23",39.580002,39.68,38.959999,39.299999,5154500,34.205289
"2013-07-22",39.630001,39.700001,39.419998,39.509998,3302600,34.388064
"2013-07-19",39.57,39.740002,39.32,39.549999,2755000,34.422879
"2013-07-18",39.959999,40.099998,39.470001,39.52,4029400,34.39677
"2013-07-17",39.990002,40.290001,39.540001,39.580002,3993700,34.448993
"2013-07-16",40.23,40.450001,39.59,39.75,1953300,34.596953
"2013-07-15",39.959999,40.360001,39.880001,40.310001,2451800,35.084358
"2013-07-12",39.869999,40.110001,39.669998,40.07,2022100,34.875469
"2013-07-11",39.75,40,39.470001,39.950001,3107600,34.771026
"2013-07-10",39.580002,39.720001,39.09,39.32,2411000,34.222696
"2013-07-09",39.09,39.57,38.970001,39.52,3179500,34.39677
"2013-07-08",38.52,38.98,38.52,38.970001,2274300,33.91807
"2013-07-05",38.470001,38.509998,37.91,38.439999,2067600,33.456775
"2013-07-03",38.110001,38.439999,37.869999,38.419998,1331700,33.439368
"2013-07-02",38.740002,38.740002,38.080002,38.279999,4656000,33.317517
"2013-07-01",38.389999,38.900002,38.099998,38.630001,3692900,33.622147
"2013-06-28",38.23,38.790001,37.919998,38.150002,10660700,33.204372
"2013-06-27",37.709999,38.330002,37.650002,38.27,3735200,33.308815
"2013-06-26",37.5,37.73,37.259998,37.57,3416600,32.69956
"2013-06-25",36.950001,37.490002,36.880001,37.16,6178200,32.342711
"2013-06-24",36.099998,36.93,35.52,36.560001,5197200,31.820494
"2013-06-21",36.830002,36.830002,35.889999,36.279999,6986100,31.57679
"2013-06-20",37.700001,37.73,36.099998,36.299999,8171000,31.594198
"2013-06-19",38.549999,38.900002,38.049999,38.060001,3273000,33.12604
"2013-06-18",38.509998,38.740002,38.32,38.57,2764000,33.569924
"2013-06-17",38.669998,38.950001,38.43,38.59,3678600,33.587331
"2013-06-14",38.02,38.599998,37.740002,38.419998,2960900,33.439368
"2013-06-13",37.630001,38.029999,36.950001,37.959999,5421300,33.039001
"2013-06-12",38.490002,38.59,37.43,37.630001,3821900,32.751783
"2013-06-11",38.549999,38.560001,38,38.189999,3089500,33.239184
"2013-06-10",39.700001,39.73,38.810001,38.880001,2589600,33.839737
"2013-06-07",39.169998,39.610001,38.66,39.540001,2961200,34.414177
"2013-06-06",37.880001,38.950001,37.720001,38.939999,4740900,33.891957
"2013-06-05",37.740002,37.959999,37.41,37.810001,4017300,32.908449
"2013-06-04",38.27,38.43,37.75,37.93,2348100,33.012891
"2013-06-03",38.009998,38.369999,37.799999,38.360001,2896300,33.387148
"2013-05-31",38.959999,39.09,37.98,37.98,5887100,33.056409
"2013-05-30",39.540001,39.75,38.599998,39,3978400,33.94418
"2013-05-29",40.259998,40.259998,39.360001,39.580002,3384400,34.448993
"2013-05-28",40.990002,41.040001,40.360001,40.419998,2181900,35.180095
"2013-05-24",40.290001,40.759998,40.130001,40.580002,1765500,35.319356
"2013-05-23",40.59,40.630001,40.150002,40.450001,3559000,35.206208
"2013-05-22",41.049999,41.48,40.849998,40.990002,2385400,35.676205
"2013-05-21",41.049999,41.490002,40.939999,41.09,3374400,35.76324
"2013-05-20",40.48,41.099998,40.419998,41.049999,3705700,35.728425
"2013-05-17",39.919998,40.48,39.919998,40.48,3219600,35.232318
"2013-05-16",40.240002,40.27,39.849998,39.919998,2609300,34.744913
"2013-05-15",39.939999,40.419998,39.91,40.200001,2369000,34.988617
"2013-05-14",39.59,39.98,39.490002,39.98,3071400,34.797136
"2013-05-13",39.450001,39.599998,39.18,39.490002,1709700,34.37066
"2013-05-10",39.41,39.540001,39.310001,39.450001,2177300,34.335844
"2013-05-09",39.450001,39.599998,39.27,39.459999,2804300,34.344547
"2013-05-08",39.099998,39.450001,39.009998,39.419998,2434600,34.309731
"2013-05-07",39.07,39.259998,38.830002,39.259998,2627200,34.170473
"2013-05-06",38.959999,39.23,38.77,39.07,2878400,34.005105
"2013-05-03",38.93,38.939999,38.560001,38.849998,3943400,33.813624
"2013-05-02",38.540001,38.810001,38.419998,38.720001,2811800,33.700479
"2013-05-01",39.07,39.09,38.459999,38.529999,3204400,33.535108
"2013-04-30",39,39.110001,38.580002,39.099998,3119900,34.031215
"2013-04-29",39.07,39.080002,38.799999,38.900002,2299000,33.857145
"2013-04-26",39.16,39.360001,38.599998,38.779999,2820500,33.752699
"2013-04-25",39.599998,39.869999,39.02,39.110001,4393800,34.039921
"2013-04-24",39.66,40.09,39.5,39.98,3676500,34.466398
"2013-04-23",39.240002,39.669998,39.049999,39.529999,3081700,34.078456
"2013-04-22",38.939999,39.099998,38.779999,39,3285300,33.621549
"2013-04-19",38.119999,39.02,38.07,38.869999,4680300,33.509476
"2013-04-18",37.77,38.240002,37.599998,37.919998,3856600,32.690489
"2013-04-17",38.240002,38.27,37.599998,37.799999,4556400,32.587039
"2013-04-16",38.139999,38.470001,38,38.369999,3332000,33.078431
"2013-04-15",38.549999,38.57,37.939999,37.950001,3346100,32.716354
"2013-04-12",38.52,38.900002,38.41,38.779999,2733500,33.431888
"2013-04-11",39,39.07,38.709999,38.77,2688300,33.423269
"2013-04-10",38.75,39.049999,38.639999,38.939999,2679500,33.569823
"2013-04-09",38.099998,38.799999,38.040001,38.639999,3844000,33.311196
"2013-04-08",37.52,38.130001,37.5,38.119999,3494400,32.862908
"2013-04-05",37.549999,37.799999,37.240002,37.52,4467500,32.345655
"2013-04-04",37.84,38.150002,37.66,37.860001,2887700,32.638766
"2013-04-03",38.779999,38.84,37.59,37.84,5635300,32.621524
"2013-04-02",39.299999,39.349998,38.740002,38.84,3672800,33.483615
"2013-04-01",38.669998,39.389999,38.669998,39.110001,4330200,33.71638
"2013-03-28",38.360001,38.799999,38.080002,38.68,5106100,33.34568
"2013-03-27",37.869999,38.43,37.77,38.369999,3475900,33.078431
"2013-03-26",37.720001,38,37.57,37.990002,3271800,32.750839
"2013-03-25",37.709999,37.759998,37.349998,37.599998,3859800,32.41462
"2013-03-22",37.169998,37.860001,37.16,37.619999,2849300,32.431863
"2013-03-21",36.93,37.700001,36.860001,37.200001,4955500,32.069786
"2013-03-20",36.650002,37.029999,36.639999,36.970001,3557400,31.871506
"2013-03-19",36.27,36.599998,36.169998,36.549999,2420400,31.509426
"2013-03-18",36.209999,36.48,36.110001,36.240002,2694700,31.242179
"2013-03-15",36.810001,36.880001,36.389999,36.400002,6779400,31.380114
"2013-03-14",37,37.209999,36.84,36.950001,2923700,31.854263
"2013-03-13",37.25,37.349998,36.779999,36.93,3112800,31.837021
"2013-03-12",37.360001,37.470001,37.130001,37.27,3451500,32.130132
"2013-03-11",37.380001,37.43,37.130001,37.32,1825700,32.173236
"2013-03-08",37.380001,37.450001,37.09,37.369999,3082100,32.21634
"2013-03-07",37.060001,37.279999,36.830002,37.259998,3200900,32.121509
"2013-03-06",37.540001,37.540001,36.900002,36.970001,2915500,31.871506
"2013-03-05",37.779999,37.779999,37.240002,37.459999,2709200,32.293928
"2013-03-04",37.200001,37.540001,36.84,37.540001,3215500,32.362897
"2013-03-01",36.959999,37.310001,36.720001,37.259998,3194300,32.121509
"2013-02-28",37.060001,37.48,36.77,37.07,7566200,31.957713
"2013-02-27",36.09,37.060001,36.09,37.060001,4729400,31.949094
"2013-02-26",36.200001,36.470001,35.889999,36.209999,3534200,31.216314
"2013-02-25",37.040001,37.220001,36.110001,36.110001,3751200,31.130107
"2013-02-22",36.799999,37.060001,36.669998,37,2112200,31.897367
"2013-02-21",37.099998,37.099998,36.549999,36.73,4219300,31.664602
"2013-02-20",37.439999,37.549999,37.099998,37.130001,4938200,32.00944
"2013-02-19",37.52,37.790001,37.32,37.419998,3850300,32.259444
"2013-02-15",37.560001,37.84,37.419998,37.52,3855100,32.345655
"2013-02-14",37.619999,37.77,37.369999,37.57,2910100,32.388759
"2013-02-13",37.82,37.91,37.68,37.799999,1976700,32.587039
"2013-02-12",37.59,37.82,37.349998,37.740002,2674800,32.535316
"2013-02-11",37.57,37.75,37.5,37.650002,2927400,32.457728
"2013-02-08",37.720001,38.169998,37.41,37.599998,6391100,32.41462
"2013-02-07",37.380001,37.93,37.32,37.77,4982500,32.561178
"2013-02-06",37.25,37.470001,37.18,37.27,10241100,32.130132
"2013-02-05",36.73,37.48,36.700001,37.380001,4759100,32.224963
"2013-02-04",37.400002,37.470001,36.560001,36.580002,5491700,31.535291
"2013-02-01",37.740002,37.779999,37.25,37.490002,7240500,32.319793
"2013-01-31",37.849998,37.849998,37.240002,37.459999,9122500,32.293928
"2013-01-30",37.380001,38.209999,37.34,37.73,6233100,32.526693
"2013-01-29",37.380001,37.529999,37.169998,37.299999,13342500,32.155994
"2013-01-28",37.549999,37.73,37.34,37.529999,14001500,32.035299
"2013-01-25",37.52,37.709999,37.139999,37.25,13173200,31.796295
"2013-01-24",37.669998,37.849998,37.189999,37.23,2605000,31.779222
"2013-01-23",37.830002,37.880001,37.439999,37.580002,3946400,32.077981
"2013-01-22",37.330002,37.810001,37.310001,37.790001,4336600,32.257235
"2013-01-18",37.380001,37.41,36.66,37.41,4698600,31.932869
"2013-01-17",37.130001,37.700001,37.029999,37.240002,6122000,31.78776
"2013-01-16",36.639999,36.830002,36.540001,36.599998,4389000,31.241459
"2013-01-15",36.84,36.919998,36.68,36.84,2970100,31.446322
"2013-01-14",37.07,37.25,36.91,36.939999,3289600,31.53168
"2013-01-11",37.310001,37.310001,36.939999,37.060001,3713800,31.634113
"2013-01-10",37.32,37.369999,36.93,37.099998,5543000,31.668254
"2013-01-09",37.360001,37.380001,36.93,37.119999,4059900,31.685327
"2013-01-08",37.259998,37.349998,37,37.34,3633100,31.873118
"2013-01-07",36.68,37.34,36.619999,37.32,5109800,31.856046
"2013-01-04",36.98,37.009998,36.560001,36.709999,5350100,31.335354
"2013-01-03",36.580002,37.080002,36.580002,36.98,5574900,31.565824
"2013-01-02",35.82,36.560001,35.740002,36.529999,5596300,31.181707
"2012-12-31",34.639999,35.34,34.490002,35.330002,2766200,30.1574
"2012-12-28",34.560001,34.98,34.490002,34.619999,2760800,29.551347
"2012-12-27",34.82,35.040001,34.299999,34.77,2897800,29.679387
"2012-12-26",35.099998,35.240002,34.549999,34.75,2584300,29.662315
"2012-12-24",35.220001,35.389999,35,35.029999,1392900,29.90132
"2012-12-21",35.130001,35.5,34.709999,35.34,5055600,30.165934
"2012-12-20",35.27,35.48,35.060001,35.470001,3951000,30.276902
"2012-12-19",35.360001,35.490002,35.009998,35.240002,4115000,30.080576
"2012-12-18",34.529999,35.389999,34.41,35.290001,11732500,30.123255
"2012-12-17",33.82,34.48,33.799999,34.459999,5228500,29.414773
"2012-12-14",33.700001,33.970001,33.57,33.720001,4072000,28.783117
"2012-12-13",33.68,33.98,33.32,33.799999,4437400,28.851402
"2012-12-12",33.75,33.990002,33.52,33.720001,6022300,28.783117
"2012-12-11",33.700001,33.73,33.310001,33.630001,4261300,28.706293
"2012-12-10",33.599998,33.959999,33.549999,33.650002,3578600,28.723365
"2012-12-07",33.77,34.040001,33.560001,33.580002,5610000,28.663614
"2012-12-06",33.900002,34,33.610001,33.630001,4849400,28.706293
"2012-12-05",34.040001,34.119999,33.720001,33.830002,4378000,28.877012
"2012-12-04",33.799999,34.049999,33.759998,33.919998,3453900,28.953832
"2012-12-03",34.060001,34.220001,33.720001,33.900002,4026900,28.936763
"2012-11-30",33.68,34.25,33.68,33.810001,8457700,28.85994
"2012-11-29",34.279999,34.52,34.099998,34.220001,3953300,29.209912
"2012-11-28",33.549999,34.130001,33.02,34.119999,5276700,29.124551
"2012-11-27",33.650002,33.889999,33.380001,33.759998,4495600,28.817258
"2012-11-26",33.610001,33.77,33.549999,33.68,2798900,28.748972
"2012-11-23",33.560001,33.91,33.41,33.720001,1620300,28.783117
"2012-11-21",33.540001,33.650002,33.360001,33.459999,2739700,28.561181
"2012-11-20",33.41,33.549999,33.299999,33.459999,3592400,28.561181
"2012-11-19",32.689999,33.599998,32.669998,33.48,7662000,28.578253
"2012-11-16",32.07,32.41,31.93,32.299999,7519500,27.571014
"2012-11-15",32.200001,32.419998,32.009998,32.029999,6968100,27.340544
"2012-11-14",32.299999,32.66,32.099998,32.119999,6792200,27.417368
"2012-11-13",32.290001,32.790001,32.009998,32.240002,4345300,27.519801
"2012-11-12",32.75,32.849998,32.419998,32.529999,3812100,27.76734
"2012-11-09",32.82,32.84,32.470001,32.580002,5668900,27.810022
"2012-11-08",33.310001,33.470001,32.900002,32.939999,3669000,28.117313
"2012-11-07",33.939999,33.990002,33.23,33.34,5556000,28.458751
"2012-11-06",34.07,34.290001,33.889999,34.16,3876800,29.158696
"2012-11-05",34.060001,34.099998,33.77,33.889999,4839700,28.928226
"2012-11-02",34.779999,34.880001,34,34.110001,12409300,29.116017
"2012-11-01",34.77,34.900002,34.349998,34.580002,4854100,29.517206
"2012-10-31",34.740002,35.040001,34.299999,34.709999,5803500,29.628171
"2012-10-26",35.040001,35.049999,34.470001,34.700001,5857200,29.312343
"2012-10-25",34.759998,35.060001,34.619999,35.060001,6674900,29.616449
"2012-10-24",34.5,34.75,34.419998,34.560001,4966400,29.194081
"2012-10-23",34.5,34.59,34.16,34.380001,6494100,29.042028
"2012-10-22",35.009998,35.150002,34.610001,34.75,5570600,29.354579
"2012-10-19",35.75,35.849998,34.919998,34.970001,7230400,29.540422
"2012-10-18",35.93,36.130001,35.700001,35.869999,5859200,30.300683
"2012-10-17",35.599998,35.82,35.549999,35.77,5370400,30.216211
"2012-10-16",35.130001,35.619999,35,35.52,7760100,30.005027
"2012-10-15",34.630001,34.91,34.360001,34.889999,14695600,29.472842
"2012-10-12",34.150002,34.779999,34.150002,34.5,40813200,29.143395
"2012-10-11",35.25,35.34,35.040001,35.09,3028300,29.64179
"2012-10-10",35.119999,35.169998,34.790001,35.16,3986700,29.700921
"2012-10-09",35.610001,35.779999,35.060001,35.080002,5160100,29.633344
"2012-10-08",36,36.049999,35.389999,35.560001,3499000,30.038817
"2012-10-05",36.349998,36.5,35.91,36.040001,3149800,30.44429
"2012-10-04",36.130001,36.389999,36.060001,36.25,3486000,30.621684
"2012-10-03",35.540001,36.060001,35.509998,36.040001,3665000,30.44429
"2012-10-02",35.52,35.66,35.240002,35.5,3338100,29.988132
"2012-10-01",35.720001,35.790001,35.349998,35.450001,3421700,29.945895
"2012-09-28",35.490002,35.73,35.360001,35.52,3241800,30.005027
"2012-09-27",35.220001,35.700001,35.169998,35.66,3602300,30.123289
"2012-09-26",35.529999,35.549999,35.110001,35.150002,3319900,29.692475
"2012-09-25",35.869999,35.98,35.52,35.529999,3189500,30.013473
"2012-09-24",35.93,36.049999,35.779999,35.799999,4046800,30.241552
"2012-09-21",35.68,35.82,35.619999,35.700001,6080600,30.157079
"2012-09-20",35.900002,35.950001,35.470001,35.66,3267300,30.123289
"2012-09-19",36.16,36.279999,35.91,35.950001,2146400,30.368263
"2012-09-18",36.16,36.23,35.93,36.049999,2288900,30.452736
"2012-09-17",36.290001,36.5,36.16,36.240002,9701900,30.613238
"2012-09-14",36.07,36.400002,36.02,36.23,4384000,30.604788
"2012-09-13",35.700001,36.080002,35.700001,35.970001,5212300,30.385159
"2012-09-12",35.919998,35.93,35.630001,35.669998,2656500,30.131735
"2012-09-11",35.799999,35.880001,35.720001,35.75,2782700,30.199316
"2012-09-10",35.830002,35.919998,35.68,35.759998,3867000,30.207761
"2012-09-07",35.919998,35.970001,35.400002,35.84,4819500,30.275342
"2012-09-06",35.669998,35.810001,35.610001,35.740002,4501400,30.19087
"2012-09-05",35.669998,35.77,35.43,35.5,3197100,29.988132
"2012-09-04",35.799999,35.849998,35.5,35.68,3678100,30.140184
"2012-08-31",35.57,35.860001,35.450001,35.77,6408500,30.216211
"2012-08-30",35.43,35.59,35.259998,35.439999,3149800,29.937446
"2012-08-29",35.34,35.540001,35.110001,35.439999,2342600,29.937446
"2012-08-28",35.169998,35.27,35.02,35.23,3560800,29.760052
"2012-08-27",35.400002,35.5,35.220001,35.279999,2559500,29.802289
"2012-08-24",34.75,35.299999,34.75,35.290001,3395400,29.810738
"2012-08-23",34.93,34.990002,34.82,34.849998,2646200,29.439052
"2012-08-22",34.93,35.09,34.73,34.970001,3560900,29.540422
"2012-08-21",34.98,35.099998,34.799999,34.970001,5505300,29.540422
"2012-08-20",34.830002,34.990002,34.52,34.860001,5833100,29.447501
"2012-08-17",34.32,34.419998,33.669998,34.220001,7936500,28.90687
"2012-08-16",34.959999,35.07,34.41,34.470001,6780700,29.118054
"2012-08-15",34.810001,34.939999,34.450001,34.490002,5917600,29.134949
"2012-08-14",34.799999,34.84,34.689999,34.77,9048800,29.371475
"2012-08-13",34.66,34.84,34.619999,34.73,9380600,29.337684
"2012-08-10",34.84,34.919998,34.48,34.639999,27166600,29.261658
"2012-08-09",36.009998,36.189999,35.689999,35.810001,3079300,30.250001
"2012-08-08",36.43,36.560001,36.080002,36.139999,2191900,30.528762
"2012-08-07",36.200001,36.630001,36.02,36.43,3409900,30.773736
"2012-08-06",35.959999,36.34,35.880001,36.169998,3052300,30.554103
"2012-08-03",35.889999,36.099998,35.630001,35.889999,3725600,30.317578
"2012-08-02",35.419998,35.779999,35.150002,35.400002,3402100,29.903659
"2012-08-01",35.970001,36.02,35.560001,35.740002,3427400,30.19087
"2012-07-31",35.900002,36.029999,35.619999,35.810001,3394700,30.250001
"2012-07-30",35.970001,36,35.73,35.830002,3370000,30.266896
"2012-07-27",35.549999,35.950001,35.189999,35.810001,3376500,30.250001
"2012-07-26",35.59,35.869999,35.32,35.720001,4061900,29.878318
"2012-07-25",35.009998,35.259998,34.919998,35.259998,3301000,29.493544
"2012-07-24",35,35.310001,34.540001,34.869999,2702300,29.167326
"2012-07-23",34.59,34.950001,34.459999,34.860001,22700500,29.158963
"2012-07-20",35.09,35.389999,34.919998,34.990002,24089600,29.267703
"2012-07-19",35.470001,35.540001,34.700001,35.25,24890200,29.485181
"2012-07-18",34.93,35.419998,34.799999,35.389999,4169600,29.602285
"2012-07-17",34.84,35.119999,34.57,35.040001,4492700,29.309526
"2012-07-16",34.599998,34.77,34.439999,34.700001,3708000,29.025129
"2012-07-13",33.860001,34.549999,33.639999,34.540001,5885300,28.891296
"2012-07-12",32.900002,33.549999,32.810001,33.34,4864900,27.887545
"2012-07-11",32.869999,33.200001,32.599998,33.049999,5082300,27.644971
"2012-07-10",32.880001,32.93,32.529999,32.790001,3522900,27.427493
"2012-07-09",33.009998,33.009998,32.389999,32.740002,2950200,27.38567
"2012-07-06",33.040001,33.119999,32.799999,32.959999,2519500,27.569689
"2012-07-05",33.09,33.360001,32.889999,33.259998,3961800,27.820626
"2012-07-03",32.75,33.18,32.75,33.16,3212600,27.736982
"2012-07-02",32.41,32.75,32.029999,32.740002,4979800,27.38567
"2012-06-29",31.48,32.27,31.43,32.220001,6552100,26.950711
"2012-06-28",30.780001,31.26,30.780001,31.219999,5551000,26.114251
"2012-06-27",30.82,31.1,30.82,30.99,4640400,25.921865
"2012-06-26",30.950001,31.02,30.51,30.76,5500400,25.72948
"2012-06-25",31.379999,31.469999,30.67,30.83,7966400,25.788032
"2012-06-22",32.02,32.18,31.450001,31.68,7197500,26.499023
"2012-06-21",32.43,32.450001,31.9,31.98,5633300,26.74996
"2012-06-20",32.34,32.509998,32.07,32.34,4378000,27.051086
"2012-06-19",32.02,32.450001,31.879999,32.360001,7774000,27.067815
"2012-06-18",31.75,31.879999,31.620001,31.85,4673700,26.641221
"2012-06-15",31.6,31.98,31.52,31.9,11354200,26.683043
"2012-06-14",31.35,31.559999,31.27,31.469999,4858700,26.323365
"2012-06-13",31.16,31.530001,31.09,31.23,5343100,26.122615
"2012-06-12",31.58,31.75,31.120001,31.35,7379600,26.222991
"2012-06-11",31.84,31.9,31.379999,31.440001,5921000,26.298273
"2012-06-08",31.74,31.75,31.02,31.530001,10234700,26.373554
"2012-06-07",32.27,32.540001,31.33,31.49,19309200,26.340095
"2012-06-06",32.150002,32.240002,31.870001,31.9,46185100,26.683043
"2012-06-05",32.889999,33.139999,32.580002,33.02,9079900,27.619878
"2012-06-04",32.310001,33.040001,32.310001,33,15116800,27.603148
"2012-06-01",33.509998,33.509998,32.09,32.349998,12541000,27.059449
"2012-05-31",33.59,34.189999,32.950001,34.189999,13708800,28.598533
"2012-05-30",33.220001,33.669998,33.029999,33.669998,8313800,28.163574
"2012-05-29",32.599998,33.509998,32.59,33.5,8961000,28.021378
"2012-05-25",32.130001,32.630001,31.6,32.419998,16245200,27.118001
"2012-05-24",33.290001,33.790001,32.110001,32.110001,60741100,26.8587
"2012-05-23",33.650002,33.75,31.950001,33.16,10049700,27.736982
"2012-05-22",34.099998,34.330002,33.330002,33.799999,7045700,28.272315
"2012-05-21",32.540001,33.380001,31.85,33.360001,5497400,27.904274
"2012-05-18",34.25,34.5,32.380001,32.5,5466400,27.184919
"2012-05-17",33.259998,33.509998,32.57,33,3496000,27.603148
"2012-05-16",33.470001,33.740002,33.169998,33.25,3188900,27.812263
"2012-05-15",33.48,33.720001,32.75,33.299999,2980200,27.854085
"2012-05-14",33.77,34.060001,33.330002,33.549999,1527600,28.0632
"2012-05-11",34.060001,34.200001,33.810001,33.990002,2209900,28.431244
"2012-05-10",34.349998,34.75,33.740002,34.299999,4062700,28.690544
"2012-05-09",34.610001,34.84,33.950001,34.080002,2498900,28.506526
"2012-05-08",34.919998,35.189999,34.299999,34.970001,1918100,29.250974
"2012-05-07",34.959999,35.279999,34.959999,35.150002,1436400,29.401537
"2012-05-04",35.580002,36.169998,34.900002,35.25,1762500,29.485181
"2012-05-03",36.380001,36.490002,35.639999,35.75,1100000,29.903411
"2012-05-02",36.57,37.209999,36.029999,36.369999,2889100,30.422014
"2012-05-01",35.900002,36.66,35.869999,36.419998,2260300,30.463837
"2012-04-30",35.830002,35.98,35.639999,35.900002,1517000,30.028881
"2012-04-27",35.799999,36.099998,35.529999,35.84,1585700,29.978692
"2012-04-26",35.73,35.880001,35.080002,35.68,2140600,29.844859
"2012-04-25",35.25,35.939999,35,35.919998,3094600,29.77794
"2012-04-24",35.130001,35.349998,34.68,35.09,2097600,29.089865
"2012-04-23",35.860001,35.970001,34.830002,35.110001,2330100,29.106446
"2012-04-20",36.77,36.84,35.869999,36.16,2567600,29.976903
"2012-04-19",37.450001,37.450001,36.68,36.73,2381400,30.449437
"2012-04-18",37.080002,37.27,36.580002,37.25,2528900,30.880521
"2012-04-17",37.810001,37.93,37.029999,37.240002,2121900,30.872232
"2012-04-16",38.48,38.599998,37.599998,37.700001,1600400,31.253575
"2012-04-13",38.259998,38.68,38.25,38.41,1022500,31.842169
"2012-04-12",38.27,38.650002,38.099998,38.52,1055100,31.93336
"2012-04-11",38.32,38.439999,37.860001,38.23,1762300,31.692947
"2012-04-10",39.52,39.59,37.630001,38.099998,2746900,31.585176
"2012-04-09",39.139999,40.119999,39.139999,39.380001,1090000,32.646307
"2012-04-05",39.080002,39.849998,39.040001,39.849998,1665800,33.035938
"2012-04-04",39.450001,39.68,39.130001,39.220001,1796700,32.513666
"2012-04-03",39.150002,40.25,39.150002,39.73,2893400,32.936458
"2012-04-02",38.880001,39.349998,38.380001,39.099998,1652400,32.414183
"2012-03-30",39.150002,39.25,38.34,38.650002,1841800,32.041132
"2012-03-29",39.02,39.200001,38.720001,39.009998,2361600,32.339572
"2012-03-28",38.52,39.25,38.169998,39.25,1912100,32.538535
"2012-03-27",38.43,38.57,38.130001,38.439999,1987800,31.867038
"2012-03-26",39.119999,39.240002,37.759998,38.369999,1726300,31.809008
"2012-03-23",37.57,38.619999,37.439999,38.599998,2682400,31.999679
"2012-03-22",37.07,37.470001,37.029999,37.380001,2160200,30.988293
"2012-03-21",36.779999,37.400002,36.700001,37.07,2414400,30.731299
"2012-03-20",36.700001,36.939999,36.32,36.75,2414800,30.466017
"2012-03-19",36.740002,37.380001,36.580002,37.139999,1924700,30.789329
"2012-03-16",36.41,36.939999,36.009998,36.849998,2915700,30.548917
"2012-03-15",36.080002,36.689999,35.27,36.25,2377000,30.051513
"2012-03-14",36.5,36.689999,36.009998,36.049999,1443700,29.885711
"2012-03-13",36.73,37.18,36.439999,36.610001,1389100,30.349957
"2012-03-12",37.41,37.66,36.549999,36.740002,2318800,30.457728
"2012-03-09",36.759998,37.57,36.630001,37.52,2193100,31.104353
"2012-03-08",36.369999,37.029999,36.369999,36.73,1591100,30.449437
"2012-03-07",35.400002,36.349998,35.400002,36.299999,1907600,30.092963
"2012-03-06",36.139999,36.34,35.310001,35.349998,2117000,29.305406
"2012-03-05",36.389999,36.59,36.060001,36.23,1809900,30.034933
"2012-03-02",35.759998,36.330002,35.759998,36.290001,1775700,30.084675
"2012-03-01",35.23,35.990002,35.23,35.919998,1653300,29.77794
"2012-02-29",35.75,35.959999,35.09,35.240002,2984000,29.214218
"2012-02-28",34.75,35.880001,34.610001,35.259998,3277500,29.230795
"2012-02-27",33.439999,34.990002,33.23,34.759998,4080900,28.816291
"2012-02-24",32.490002,33.5,32.349998,33.240002,2454800,27.556203
"2012-02-23",32.18,32.59,31.99,32.32,1642600,26.793515
"2012-02-22",32.169998,32.349998,31.870001,32.23,1516800,26.718904
"2012-02-21",32.220001,32.619999,31.879999,32.07,1455500,26.586263
"2012-02-17",32.220001,32.630001,32.18,32.23,1682600,26.718904
"2012-02-16",32.080002,32.5,32.029999,32.330002,2754800,26.801806
"2012-02-15",32.5,32.650002,32.099998,32.150002,1761800,26.652585
"2012-02-14",32.84,33,32.209999,32.310001,1862000,26.785226
"2012-02-13",32.5,32.669998,32.209999,32.57,1779500,27.000766
"2012-02-10",32.5,32.5,32.150002,32.349998,1370100,26.818384
"2012-02-09",32,32.779999,32,32.639999,2126600,27.058797
"2012-02-08",31.84,32.07,31.790001,32.07,1927300,26.586263
"2012-02-07",32.450001,32.450001,31.76,31.84,1989700,26.395592
"2012-02-03",32.25,32.299999,31.809999,31.92,2519800,26.461912
"2012-02-02",32.27,32.540001,32.099998,32.18,1911400,26.677454
"2012-02-01",32.669998,32.669998,32.16,32.330002,1672300,26.801806
"2012-01-31",32.77,32.959999,32.16,32.470001,1454300,26.917867
"2012-01-30",32.330002,32.41,32.049999,32.240002,1966100,26.727196
"2012-01-27",32.369999,32.740002,32.150002,32.380001,3173900,26.843256
"2012-01-26",33.349998,33.540001,32.75,32.84,1551500,26.967608
"2012-01-25",32.77,33.23,32.759998,33.23,1722400,27.287868
"2012-01-24",33,33,32.599998,32.68,932600,26.836219
"2012-01-23",34.25,34.25,32.700001,32.810001,931400,26.942973
"2012-01-20",33,33.23,32.619999,32.77,1188800,26.910125
"2012-01-19",32.5,33.150002,32.5,33.029999,1382200,27.123631
"2012-01-18",33,33.27,32.490002,32.830002,2410100,26.959397
"2012-01-17",33.18,33.439999,32.84,33.07,2591300,27.156479
"2012-01-13",32.98,33.080002,32.57,32.860001,1594700,26.984032
"2012-01-12",33.950001,33.950001,32.82,33.080002,2272800,27.164693
"2012-01-11",33.400002,33.990002,33.130001,33.389999,3831100,27.419257
"2012-01-10",33.799999,33.84,32.790001,33.18,1754900,27.24681
"2012-01-09",33.200001,33.540001,32.669998,32.810001,1279000,26.942973
"2012-01-06",32.900002,33.32,32.32,32.889999,2796200,27.008666
"2012-01-05",33.939999,33.939999,32.18,32.650002,4030000,26.811584
"2012-01-04",32.459999,32.59,32.049999,32.490002,4255300,26.680195
"2012-01-03",32.57,32.880001,32.150002,32.490002,3454500,26.680195
"2011-12-30",31.77,32.25,31.629999,32.169998,2006500,26.417414
"2011-12-29",31.4,31.57,31.18,31.559999,948800,25.916494
"2011-12-28",31.709999,31.92,31.08,31.290001,1500000,25.694777
"2011-12-27",31.51,31.870001,31.389999,31.74,975800,26.064307
"2011-12-23",31.08,31.59,31,31.370001,1258200,25.760471
"2011-12-22",30.75,30.99,30.68,30.950001,948300,25.415575
"2011-12-21",30.23,30.879999,29.91,30.709999,1508500,25.21849
"2011-12-20",30.08,30.280001,29.700001,30.139999,1205500,24.750416
"2011-12-19",29.530001,29.9,29.5,29.790001,1174000,24.463004
"2011-12-16",29.120001,29.879999,28.870001,29.84,5227100,24.504062
"2011-12-15",29.389999,29.440001,28.5,28.83,2182100,23.674669
"2011-12-14",29.23,29.280001,29.01,29.09,2410300,23.888176
"2011-12-13",29.75,29.889999,29.059999,29.200001,2798200,23.978507
"2011-12-12",29.51,29.709999,29.200001,29.49,2065100,24.216649
"2011-12-09",30,30.190001,29.379999,29.6,2197000,24.306979
"2011-12-08",30.370001,30.51,29.1,29.549999,2893400,24.265919
"2011-12-07",30.85,31,30.379999,30.42,1929900,24.980348
"2011-12-06",31.08,31.57,30.49,30.860001,1889200,25.341668
"2011-12-05",31.5,31.969999,30.9,30.91,1903400,25.382727
"2011-12-02",30.889999,31.700001,30.610001,31,4090000,25.456633
"2011-12-01",29.5,30.610001,29.299999,30.26,2597800,24.848959
"2011-11-30",30.629999,30.66,29.35,29.5,2897800,24.224861
"2011-11-29",28.83,29.68,28.82,29.540001,3221800,24.257709
"2011-11-28",29.709999,29.709999,28.690001,28.799999,2415000,23.650033
"2011-11-25",28,29,27.969999,29,1160600,23.81427
"2011-11-23",28.290001,28.549999,28,28.02,2434800,23.009512
"2011-11-22",28.719999,28.950001,28.41,28.610001,3260200,23.494009
"2011-11-21",28.370001,28.969999,28,28.59,1718400,23.477585
"2011-11-18",28.75,28.98,28.25,28.25,2682300,23.198383
"2011-11-17",27.879999,28.42,27.6,28.32,3681200,23.255866
"2011-11-16",27.889999,28.01,27.52,27.77,3082100,22.804217
"2011-11-15",27.74,28.120001,27.549999,27.959999,2969400,22.96024
"2011-11-14",27.5,27.809999,27.18,27.73,2151800,22.771369
"2011-11-11",27.76,28.139999,27.42,27.57,1838500,22.63998
"2011-11-10",27.42,27.65,26.91,27.43,1579500,22.525015
"2011-11-09",28.16,28.24,27.030001,27.030001,1723000,22.196542
"2011-11-08",28.219999,28.42,27.799999,28.15,1483400,23.116265
"2011-11-07",28.35,28.57,27.66,27.959999,1772400,22.96024
"2011-11-04",28.24,28.450001,27.790001,28.309999,1963900,23.247654
"2011-11-03",28.27,28.49,27.65,28.17,3193000,23.132689
"2011-11-02",28.5,28.5,27.709999,28.059999,2355100,23.042358
"2011-11-01",28.1,28.469999,27.41,27.82,3432400,22.845275
"2011-10-31",28.9,29,28.280001,28.6,3360100,23.485797
"2011-10-28",29.26,29.42,28.5,29.1,2818200,23.896388
"2011-10-27",29.959999,30.15,29.16,29.440001,6102300,24.17559
"2011-10-26",30.5,30.5,29.59,29.66,5107000,24.109895
"2011-10-25",29.870001,30.26,29.190001,30.110001,3195100,24.475689
"2011-10-24",30.040001,30.040001,28.780001,29.98,3777600,24.370015
"2011-10-21",28.9,29.219999,28.360001,29.219999,3718000,23.752229
"2011-10-20",28.040001,29.25,27.82,28.23,5711000,22.947482
"2011-10-19",27.809999,28.34,27.35,27.58,5671400,22.419113
"2011-10-18",28.16,28.67,27.07,28.059999,7530200,22.809293
"2011-10-17",28.1,29.75,27.75,28.190001,11278800,22.914968
"2011-10-14",27.290001,27.290001,26.68,26.889999,977500,21.858228
"2011-10-13",26.709999,27.129999,26.4,26.92,526200,21.882615
"2011-10-12",27.1,27.15,26.709999,26.9,692200,21.866357
"2011-10-11",26.860001,27.25,26.690001,26.85,664300,21.825714
"2011-10-10",26.870001,26.959999,26.52,26.870001,785300,21.841972
"2011-10-07",26.84,26.940001,26.209999,26.34,446500,21.411147
"2011-10-06",26.57,26.85,26.129999,26.700001,795900,21.703783
"2011-10-05",26.18,26.700001,25.83,26.59,1193100,21.614366
"2011-10-04",25.4,26.23,24.66,26.049999,2500000,21.175413
"2011-10-03",25.74,25.809999,25,25.48,860400,20.712074
"2011-09-30",26.120001,26.25,25.719999,25.889999,769700,21.045353
"2011-09-29",27.049999,27.18,25.85,26.32,801400,21.394889
"2011-09-28",26.9,27.190001,26.559999,26.620001,894600,21.638753
"2011-09-27",26.879999,27.360001,26.82,27.030001,1766000,21.972032
"2011-09-26",25.6,26.35,25.200001,26.34,1366100,21.411147
"2011-09-23",25.709999,25.85,25.18,25.52,699700,20.744589
"2011-09-22",26.059999,26.4,25.34,25.690001,1731800,20.882778
"2011-09-21",26.84,27.200001,26.469999,26.549999,1400900,21.58185
"2011-09-20",26.889999,26.889999,26.52,26.700001,849700,21.703783
"2011-09-19",25.219999,27.309999,25.16,26.68,3781600,21.687525
"2011-09-16",25.719999,25.790001,25.219999,25.5,1882700,20.728332
"2011-09-15",25.459999,25.83,25.34,25.540001,472300,20.760847
"2011-09-14",25.200001,25.290001,24.76,25.25,834600,20.525113
"2011-09-13",25.09,25.23,24.620001,24.969999,1051000,20.297507
"2011-09-12",24.639999,24.969999,24.299999,24.959999,945500,20.289378
"2011-09-09",25.139999,25.360001,24.75,24.85,1141700,20.199963
"2011-09-08",25.370001,25.73,25.190001,25.4,982600,20.647044
"2011-09-06",24.75,25.440001,24.610001,25.370001,701000,20.622658
"2011-09-02",25.43,25.469999,25.059999,25.190001,567100,20.476341
"2011-09-01",25.98,26.059999,25.610001,25.719999,553700,20.907164
"2011-08-31",25.610001,26.34,25.440001,25.85,1786100,21.012838
"2011-08-30",25.219999,25.51,24.92,25.370001,437500,20.622658
"2011-08-29",24.959999,25.610001,24.700001,25.309999,530600,20.573885
"2011-08-26",24.48,24.93,24.01,24.780001,570800,20.143062
"2011-08-25",24.6,24.969999,24.450001,24.450001,570200,19.874813
"2011-08-24",24.42,24.719999,24.07,24.450001,686600,19.874813
"2011-08-23",23.93,24.540001,23.51,24.540001,1153000,19.947972
"2011-08-22",24.35,25.309999,23.59,23.76,1543600,19.313928
"2011-08-19",24.66,25.07,23.780001,23.82,1913900,19.3627
"2011-08-18",25.99,25.99,24.629999,24.82,3587900,20.175576
"2011-08-17",26.66,26.66,26.219999,26.280001,672000,21.362375
"2011-08-16",26.889999,26.9,26.379999,26.5,646000,21.541207
"2011-08-15",27.190001,27.299999,26.860001,27.08,676900,22.012675
"2011-08-12",27.83,27.99,26.530001,26.77,1136200,21.760684
"2011-08-11",26.200001,27.809999,26.18,27.450001,1372400,22.31344
"2011-08-10",25.58,27.08,25.24,26.049999,1909300,21.175413
"2011-08-09",24.049999,25.959999,24,25.92,1689300,21.069739
"2011-08-08",25.209999,25.59,23.66,23.66,2018900,19.23264
"2011-08-05",26.469999,26.790001,24.959999,25.92,3006600,21.069739
"2011-08-04",27.6,27.6,26.33,26.469999,1813800,21.51682
"2011-08-03",27.82,27.870001,27.25,27.719999,1392600,22.532915
"2011-08-02",28.059999,28.17,27.639999,27.85,893400,22.63859
"2011-08-01",28.42,28.5,28.120001,28.23,612300,22.947482
"2011-07-29",27.959999,28.299999,27.799999,28.23,999300,22.947482
"2011-07-28",27.9,28.23,27.639999,28.16,985200,22.890581
"2011-07-27",27.27,28.4,27.1,28.18,3648100,22.662976
"2011-07-26",27.610001,27.74,27.360001,27.57,2921300,22.1724
"2011-07-25",28.299999,28.389999,27.48,27.5,2753000,22.116105
"2011-07-22",28.549999,28.629999,28.24,28.360001,1017700,22.807736
"2011-07-21",28.68,28.870001,28.219999,28.51,1277300,22.928369
"2011-07-20",28.57,28.93,28.25,28.5,579000,22.920327
"2011-07-19",28.41,28.49,28.24,28.35,390100,22.799694
"2011-07-18",28.4,28.41,27.98,28.190001,695200,22.671018
"2011-07-15",28.24,28.629999,28,28.59,785100,22.992707
"2011-07-14",28.299999,28.41,28.02,28.030001,799600,22.542343
"2011-07-13",28.34,28.48,28.059999,28.190001,556800,22.671018
"2011-07-12",28.25,28.370001,28.1,28.17,665900,22.654933
"2011-07-11",28.700001,28.74,28.16,28.360001,725400,22.807736
"2011-07-08",28.799999,29.33,28.690001,28.92,757500,23.2581
"2011-07-07",29.26,29.450001,28.860001,28.98,876300,23.306353
"2011-07-06",29.17,29.24,28.92,29.110001,1239500,23.410903
"2011-07-05",29.219999,29.389999,29.040001,29.26,505800,23.531536
"2011-07-01",28.67,29.280001,28.370001,29.27,846600,23.539578
"2011-06-30",28.43,28.780001,28.309999,28.73,809500,23.105297
"2011-06-29",28.48,28.799999,28.32,28.4,1592100,22.839904
"2011-06-28",28.389999,28.67,28.1,28.299999,2235400,22.759482
"2011-06-27",28.68,28.790001,28.219999,28.26,1889000,22.727314
"2011-06-24",29.190001,29.299999,28.59,28.6,11554800,23.000749
"2011-06-23",29.59,29.59,28.91,29.1,1963100,23.40286
"2011-06-22",29.620001,29.969999,29.450001,29.620001,1587400,23.821056
"2011-06-21",29.700001,29.700001,29.34,29.620001,631300,23.821056
"2011-06-20",29.610001,29.67,29.4,29.610001,866700,23.813014
"2011-06-17",29.360001,29.74,29.15,29.700001,2448200,23.885394
"2011-06-16",29.4,29.440001,29.07,29.209999,792100,23.491324
"2011-06-15",29.42,29.65,28.889999,29.360001,1149000,23.611958
"2011-06-14",29.41,29.860001,29.059999,29.5,760200,23.724549
"2011-06-13",29.620001,29.93,29.200001,29.450001,901900,23.684338
"2011-06-10",29.74,29.85,29.43,29.530001,895800,23.748676
"2011-06-09",29.719999,29.889999,29.639999,29.690001,1215900,23.877351
"2011-06-08",29.58,29.860001,29.459999,29.73,766800,23.909519
"2011-06-07",29.58,29.969999,29.42,29.790001,1980000,23.957774
"2011-06-06",29.6,29.77,29.25,29.52,1402100,23.740633
"2011-06-03",29.059999,29.76,28.73,29.75,1566400,23.925604
"2011-06-02",29.15,29.379999,28.440001,29.379999,978400,23.628041
"2011-06-01",29.4,29.469999,28.85,29,1042800,23.322438
"2011-05-31",29.530001,29.76,29,29.290001,5489900,23.555663
"2011-05-27",28.9,29.18,28.5,29.18,1896600,23.467198
"2011-05-26",29.1,29.219999,28.610001,28.690001,1507000,23.073129
"2011-05-25",28.98,29.280001,28.799999,29.02,3304700,23.338522
"2011-05-24",28.530001,29.059999,28.469999,29.059999,2587700,23.370691
"2011-05-23",28.41,28.57,28.190001,28.33,2927600,22.783609
"2011-05-20",28.25,28.9,27.969999,28.5,1535400,22.920327
"2011-05-19",27.68,28.34,27.530001,28.290001,1096500,22.751441
"2011-05-18",27.77,27.879999,27.42,27.559999,895200,22.164358
"2011-05-17",27.6,27.709999,26.870001,27.5,2404600,22.116105
"2011-05-16",28.059999,28.48,27.4,27.540001,1737600,22.148274
"2011-05-13",28.370001,28.370001,27.75,27.93,1344100,22.46192
"2011-05-12",28.200001,28.450001,27.82,28.450001,1800000,22.880116
"2011-05-11",28.530001,28.629999,28.01,28.309999,1400100,22.767524
"2011-05-10",28.27,28.690001,28.08,28.52,777800,22.936411
"2011-05-09",28.110001,28.450001,28.01,28.290001,752100,22.751441
"2011-05-06",28.08,28.41,27.85,28,653600,22.518216
"2011-05-05",28.02,28.26,27.41,27.98,1618300,22.502131
"2011-05-04",28.200001,28.360001,27.309999,27.959999,2537800,22.486046
"2011-05-03",28.84,28.889999,28.049999,28.190001,1158700,22.671018
"2011-05-02",28.73,28.99,28.379999,28.82,1036600,23.177677
"2011-04-29",29.040001,29.290001,28.35,28.58,1843400,22.984664
"2011-04-28",28.84,28.950001,28.690001,28.83,1041000,23.18572
"2011-04-27",29.299999,29.49,28.75,28.860001,1479600,23.097255
"2011-04-26",29.540001,29.59,29.049999,29.120001,1100000,23.305339
"2011-04-25",29.809999,29.809999,29.07,29.360001,604100,23.497416
"2011-04-21",29.32,29.93,29.07,29.629999,1516900,23.713501
"2011-04-20",28.98,29.6,28.790001,29.450001,2054000,23.569445
"2011-04-19",28.59,28.860001,28.530001,28.780001,1121200,23.03323
"2011-04-18",28.790001,28.84,28.23,28.52,882400,22.825146
"2011-04-15",29.110001,29.15,28.690001,28.879999,863900,23.113261
"2011-04-14",28.790001,29.16,28.57,29.120001,785800,23.305339
"2011-04-13",28.74,29.02,28.66,28.83,2766900,23.073245
"2011-04-12",29.1,29.24,28.27,28.73,1278100,22.993213
"2011-04-11",29.299999,29.41,29.07,29.25,1160900,23.40938
"2011-04-08",29.219999,29.42,29.120001,29.33,934800,23.473406
"2011-04-07",29.52,29.559999,29.129999,29.219999,1226100,23.38537
"2011-04-06",29.459999,29.49,29.209999,29.459999,725100,23.577447
"2011-04-05",29.49,29.639999,29,29.440001,1021200,23.561441
"2011-04-04",29.440001,29.700001,29.25,29.440001,1177900,23.561441
"2011-04-01",29.790001,29.85,29.49,29.5,1869200,23.60946
"2011-03-31",29.799999,29.870001,29.51,29.639999,884400,23.721505
"2011-03-30",29.870001,29.889999,29.58,29.690001,769700,23.761522
"2011-03-29",29.75,29.889999,29.540001,29.790001,1313800,23.841554
"2011-03-28",29.74,29.93,29.559999,29.620001,1552900,23.705499
"2011-03-25",30.01,30.09,29.5,29.52,2687100,23.625467
"2011-03-24",30.1,30.25,29.9,30.049999,1411600,24.049636
"2011-03-23",30.530001,30.67,29.950001,30.02,2570500,24.025627
"2011-03-22",30.9,30.98,30.57,30.700001,1014700,24.569846
"2011-03-21",30.530001,31,30.4,30.82,1253000,24.665883
"2011-03-18",30.209999,30.5,30.08,30.5,1906600,24.409781
"2011-03-17",30.200001,30.41,30.059999,30.15,1511400,24.129668
"2011-03-16",29.889999,30.16,29.76,30.049999,2062200,24.049636
"2011-03-15",29.809999,30.200001,29.6,29.879999,1968400,23.913581
"2011-03-14",30,30.219999,29.799999,29.99,1967700,24.001617
"2011-03-11",30.1,30.48,29.969999,30.1,1896900,24.089653
"2011-03-10",30.709999,30.709999,29.75,30.1,2715200,24.089653
"2011-03-09",30.9,30.98,30.74,30.75,294100,24.609861
"2011-03-08",30.799999,31.040001,30.799999,30.969999,827400,24.785931
"2011-03-07",30.940001,31.040001,30.700001,30.9,1049600,24.729909
"2011-03-04",30.799999,30.940001,30.66,30.85,892300,24.689893
"2011-03-03",30.68,30.77,30.530001,30.77,1901800,24.625868
"2011-03-02",30.57,30.690001,30.26,30.57,2197000,24.465803
"2011-03-01",30.65,30.780001,30.23,30.450001,1908000,24.369765
"2011-02-28",30.57,30.790001,30.42,30.5,2380400,24.409781
"2011-02-25",30.530001,30.75,30.299999,30.5,2225900,24.409781
"2011-02-24",30.549999,30.65,30.299999,30.459999,1698000,24.377767
"2011-02-23",30.76,30.9,30.25,30.42,2671200,24.345755
"2011-02-22",31.139999,31.43,30.709999,30.719999,2454300,24.585851
"2011-02-18",30.68,31.379999,30.4,31.370001,2583800,25.106061
"2011-02-17",30.68,31.09,30.51,30.549999,3290700,24.449796
"2011-02-16",31.049999,31.440001,30.66,30.719999,4627100,24.585851
"2011-02-15",30.9,31.15,30.73,30.940001,4337800,24.761922
"2011-02-14",31.049999,31.299999,30.700001,30.700001,6275900,24.569846
"2011-02-11",31.700001,32.139999,30.75,31.049999,50610600,24.849957
