0.48697,0.48129,0.47447,0.4673,0.45797,0.44586,0.43418,0.42522,0.41944,0.41147,0.40892,0.40984,0.41104,0.41599,0.42322,0.43393,0.44857,0.46562,0.47786,0.49203,0.50609,0.51835,0.53117,0.54164,0.54534,0.54875,0.54978,0.54943,0.54352,0.53657,0.53131,0.52104,0.51212,0.50564,0.49961,0.49226,0.48542,0.48365,0.48201,0.48689,0.48991,0.49497,0.49903,0.50127,0.50733,0.51325,0.51517,0.5189,0.5205,0.52069,0.51919,0.52063,0.52375,0.52264,0.52147,0.51956,0.5185,0.51961,0.51788,0.51641,0.51071,0.50342,0.49597,0.49063,0.48498,0.47403,0.4692,0.46349,0.45464,0.44627,0.44467,0.44355,0.44052,0.43905,0.43986,0.4414,0.44453,0.44859,0.4541,0.45992,0.46666,0.47551,0.48503,0.4896,0.49119,0.49696,0.5024,0.50088,0.50244,0.50369,0.50334,0.49793,0.49824,0.4965,0.49616,0.50036,0.50149,0.50414,0.50877,0.50749
0.48881,0.48292,0.47597,0.46862,0.45985,0.44886,0.43826,0.43055,0.42567,0.41912,0.41757,0.41901,0.42117,0.42594,0.43324,0.44313,0.45623,0.4715,0.48201,0.49392,0.50568,0.5157,0.52625,0.53466,0.53747,0.53976,0.54019,0.53981,0.53464,0.52867,0.52423,0.51576,0.50868,0.50354,0.49889,0.4927,0.48718,0.48589,0.4847,0.4891,0.492,0.4963,0.49984,0.50156,0.50677,0.51183,0.51355,0.51701,0.51871,0.51923,0.51854,0.52047,0.52362,0.52342,0.5231,0.52203,0.52168,0.52292,0.52148,0.51997,0.5149,0.508,0.5011,0.49575,0.49037,0.48054,0.47614,0.47089,0.46307,0.45587,0.45482,0.45414,0.45161,0.45055,0.45119,0.45252,0.45522,0.4586,0.46297,0.46785,0.47317,0.48035,0.48829,0.49211,0.49309,0.49785,0.50216,0.50046,0.50157,0.50253,0.50209,0.49703,0.49744,0.49623,0.49611,0.49991,0.50111,0.50358,0.50791,0.50724
0.49382,0.48712,0.47953,0.47151,0.4628,0.45247,0.44254,0.43572,0.4315,0.42611,0.42538,0.42715,0.4301,0.4346,0.44178,0.45072,0.46215,0.47559,0.48427,0.49401,0.5035,0.51135,0.51978,0.52624,0.52836,0.52977,0.5299,0.5298,0.52558,0.52076,0.51733,0.5107,0.50552,0.50169,0.49823,0.49313,0.48876,0.48765,0.48663,0.49031,0.49284,0.49625,0.49908,0.50033,0.50479,0.50905,0.51069,0.51402,0.51599,0.517,0.51726,0.51975,0.52299,0.52357,0.52412,0.52383,0.52395,0.52512,0.52375,0.52202,0.51737,0.51073,0.5042,0.4988,0.49353,0.48469,0.48075,0.47598,0.46921,0.46322,0.46286,0.46279,0.46099,0.4605,0.46122,0.46247,0.4649,0.46784,0.47121,0.4753,0.47924,0.48478,0.49107,0.49405,0.49442,0.49813,0.50129,0.49939,0.50007,0.50079,0.50027,0.49567,0.49629,0.49568,0.496,0.49958,0.50098,0.5034,0.50745,0.50749
0.50196,0.4942,0.48572,0.47681,0.46793,0.45811,0.44876,0.44274,0.43911,0.43491,0.43505,0.43722,0.44099,0.44534,0.45228,0.46026,0.47005,0.48149,0.48822,0.49557,0.50258,0.50809,0.51421,0.51859,0.51973,0.52007,0.5198,0.51984,0.51653,0.51284,0.51045,0.50565,0.50245,0.50005,0.49782,0.49387,0.49062,0.48969,0.48877,0.49162,0.49366,0.49593,0.49784,0.49828,0.5017,0.50511,0.50651,0.50958,0.51181,0.51329,0.51466,0.51783,0.52147,0.52302,0.52463,0.52541,0.52619,0.5275,0.52638,0.52456,0.52038,0.51391,0.50779,0.50224,0.49693,0.48892,0.48516,0.48067,0.47471,0.46972,0.46995,0.47034,0.4692,0.46931,0.47028,0.47165,0.47406,0.47686,0.47957,0.48317,0.48606,0.49026,0.4951,0.49726,0.49701,0.49963,0.50149,0.4992,0.49934,0.49969,0.49901,0.49473,0.4955,0.49553,0.49631,0.49977,0.50146,0.50397,0.50783,0.50849
0.51131,0.50217,0.49257,0.48253,0.47317,0.46357,0.45452,0.44899,0.44577,0.44254,0.44336,0.44588,0.4504,0.45463,0.46131,0.46836,0.47672,0.4863,0.49133,0.49644,0.50116,0.5045,0.50844,0.51075,0.51088,0.51015,0.5093,0.50931,0.50675,0.50397,0.5024,0.49912,0.49756,0.49643,0.49531,0.49235,0.49009,0.48919,0.48834,0.49048,0.49215,0.49347,0.49451,0.49437,0.49699,0.49978,0.50117,0.5042,0.5068,0.50884,0.51129,0.51518,0.51923,0.52166,0.52419,0.52591,0.52727,0.52874,0.52788,0.52606,0.52241,0.51628,0.51071,0.50533,0.50017,0.49307,0.48955,0.48549,0.48029,0.47617,0.47679,0.4774,0.4766,0.477,0.47787,0.47903,0.48121,0.48367,0.48557,0.48852,0.49035,0.49322,0.49672,0.49814,0.49739,0.49911,0.49994,0.49751,0.49723,0.49734,0.49665,0.49276,0.49383,0.4946,0.49581,0.49911,0.50111,0.50365,0.50721,0.50837
0.52229,0.51157,0.50069,0.48941,0.47944,0.46992,0.46106,0.45593,0.45304,0.45068,0.45204,0.4548,0.4599,0.46395,0.4701,0.47603,0.48293,0.49059,0.49392,0.49691,0.49942,0.50078,0.50269,0.50319,0.50242,0.50081,0.49964,0.49977,0.49804,0.49629,0.49557,0.49381,0.49389,0.49403,0.49387,0.49202,0.49068,0.48977,0.48895,0.49033,0.49156,0.49196,0.49209,0.4914,0.49316,0.49543,0.49683,0.49971,0.50268,0.50524,0.50872,0.5132,0.51759,0.5207,0.524,0.52655,0.52829,0.52979,0.52903,0.52704,0.52371,0.51776,0.51269,0.50736,0.50232,0.49601,0.49268,0.48898,0.48453,0.48126,0.48232,0.48324,0.48298,0.48375,0.48464,0.48581,0.48792,0.49023,0.49156,0.4941,0.49519,0.49701,0.49929,0.50006,0.49903,0.5,0.50002,0.4975,0.49695,0.49696,0.49627,0.49279,0.49406,0.49542,0.49708,0.50023,0.50242,0.50495,0.50813,0.50963
0.52931,0.51744,0.50581,0.49378,0.48358,0.4745,0.46615,0.46163,0.45928,0.45787,0.45988,0.46292,0.46851,0.47246,0.47791,0.48273,0.48824,0.49402,0.4957,0.49665,0.49709,0.49655,0.49655,0.49529,0.49371,0.49126,0.48973,0.48994,0.48896,0.4881,0.48823,0.48775,0.48929,0.49059,0.49137,0.49059,0.49012,0.48928,0.48852,0.48929,0.49029,0.48995,0.48944,0.48844,0.48965,0.49162,0.49323,0.49623,0.49964,0.50277,0.50723,0.51225,0.51699,0.5207,0.52451,0.52759,0.52952,0.53088,0.53007,0.52787,0.52472,0.51884,0.51413,0.50886,0.50391,0.49827,0.49506,0.49171,0.48788,0.48538,0.48673,0.48788,0.48801,0.48909,0.48993,0.49113,0.49314,0.49523,0.49599,0.49806,0.49844,0.49926,0.50032,0.50033,0.49889,0.49904,0.4983,0.49571,0.49487,0.49481,0.4943,0.49137,0.49296,0.49493,0.49706,0.5003,0.50273,0.50535,0.50818,0.50994
0.53588,0.52301,0.51074,0.49805,0.48759,0.47874,0.47074,0.46654,0.46447,0.46373,0.46615,0.46928,0.47514,0.47896,0.4837,0.48749,0.49187,0.49618,0.49662,0.49613,0.49502,0.49304,0.49163,0.48902,0.48678,0.4837,0.48195,0.48209,0.48161,0.48135,0.48193,0.48226,0.48489,0.48707,0.48846,0.48852,0.48875,0.48785,0.4871,0.48743,0.48825,0.48739,0.4864,0.48517,0.48594,0.48776,0.48965,0.49281,0.49667,0.50033,0.50574,0.51125,0.51626,0.52031,0.52441,0.52791,0.52985,0.53096,0.53004,0.52758,0.52448,0.51859,0.5143,0.50918,0.50443,0.49959,0.49669,0.49387,0.49079,0.48915,0.49097,0.49242,0.49311,0.4946,0.49554,0.49684,0.49885,0.50075,0.50102,0.50254,0.50223,0.50207,0.50186,0.50093,0.49893,0.49819,0.49655,0.49363,0.49239,0.4921,0.49171,0.48916,0.49097,0.4934,0.49596,0.49927,0.50202,0.50463,0.50726,0.50921
0.54417,0.52973,0.51628,0.50255,0.49133,0.48221,0.47419,0.46999,0.46806,0.46777,0.47045,0.47365,0.47972,0.48348,0.48754,0.49037,0.4938,0.49682,0.49622,0.49446,0.49193,0.48864,0.48598,0.48216,0.47924,0.47555,0.47355,0.47349,0.4734,0.47352,0.4745,0.47544,0.47894,0.48191,0.48398,0.48486,0.48582,0.48509,0.48444,0.48459,0.48555,0.48454,0.48338,0.4823,0.48291,0.48483,0.48728,0.49067,0.49501,0.49908,0.50517,0.51096,0.51605,0.52007,0.52409,0.52753,0.52918,0.5298,0.52847,0.52563,0.5224,0.51644,0.51245,0.50749,0.50291,0.49882,0.49619,0.49387,0.49153,0.4907,0.49294,0.49476,0.49596,0.49797,0.49915,0.50073,0.50302,0.505,0.50513,0.50651,0.50595,0.50525,0.50418,0.50264,0.50036,0.49897,0.49669,0.49361,0.49203,0.49152,0.4912,0.48899,0.49088,0.49366,0.49645,0.49976,0.50259,0.50516,0.50744,0.50929
0.55215,0.53665,0.52255,0.50812,0.49639,0.48712,0.47903,0.4747,0.47274,0.47263,0.47523,0.47819,0.4841,0.48767,0.49099,0.49289,0.49549,0.49742,0.49613,0.49347,0.4899,0.48579,0.48235,0.47773,0.47445,0.47038,0.46826,0.46805,0.46818,0.46853,0.46978,0.4711,0.47514,0.47869,0.4811,0.48261,0.48415,0.48348,0.48292,0.48294,0.48408,0.48312,0.48191,0.48103,0.48156,0.48364,0.48672,0.49035,0.49503,0.49943,0.50595,0.51175,0.51673,0.52055,0.5242,0.52735,0.52856,0.52856,0.52687,0.52365,0.52025,0.51422,0.51059,0.50589,0.5015,0.49801,0.49558,0.49353,0.49173,0.49148,0.49389,0.4958,0.4973,0.4995,0.50067,0.50242,0.50486,0.50681,0.50682,0.50796,0.50729,0.50627,0.50454,0.50258,0.50022,0.49861,0.49607,0.49314,0.49154,0.491,0.49097,0.48918,0.4912,0.49418,0.49719,0.50038,0.50314,0.50561,0.50754,0.50929
0.55998,0.54331,0.5284,0.51316,0.50073,0.49113,0.48291,0.47832,0.4762,0.47609,0.4785,0.4811,0.48672,0.48999,0.49248,0.49338,0.4951,0.49603,0.49409,0.49079,0.48638,0.48156,0.47755,0.47237,0.46895,0.46471,0.46256,0.46216,0.46253,0.46309,0.46462,0.46619,0.47059,0.47459,0.47735,0.4794,0.4815,0.48106,0.48068,0.48083,0.48222,0.48157,0.48063,0.48015,0.48084,0.48321,0.48708,0.49112,0.49617,0.50095,0.50782,0.51359,0.51848,0.52209,0.52525,0.52798,0.52865,0.52793,0.52571,0.52201,0.51817,0.51193,0.50835,0.50363,0.49931,0.49626,0.49396,0.49213,0.49085,0.49131,0.49394,0.49606,0.49799,0.50059,0.50197,0.50402,0.50679,0.50887,0.50896,0.50993,0.50932,0.50821,0.50596,0.50367,0.50138,0.49963,0.497,0.49425,0.4926,0.49205,0.49216,0.49074,0.49271,0.49564,0.4986,0.50159,0.50415,0.50634,0.50779,0.50927
0.56458,0.54714,0.53175,0.51609,0.50333,0.49355,0.48532,0.48051,0.47826,0.47811,0.48025,0.48249,0.48778,0.49091,0.49274,0.49297,0.4942,0.49447,0.49227,0.48881,0.48403,0.47894,0.4747,0.46935,0.46589,0.46148,0.4593,0.45862,0.45894,0.45934,0.46079,0.46224,0.46654,0.47056,0.47322,0.4755,0.47793,0.47764,0.47738,0.47772,0.47946,0.47926,0.47888,0.47914,0.48021,0.48305,0.48787,0.49242,0.49776,0.50283,0.50981,0.51534,0.51988,0.52301,0.52533,0.52726,0.52709,0.52531,0.52232,0.51815,0.51385,0.50735,0.50396,0.49934,0.49526,0.49277,0.49097,0.4896,0.48907,0.49051,0.49353,0.4961,0.49849,0.50152,0.50316,0.50563,0.50874,0.51093,0.51107,0.51188,0.5113,0.51008,0.50748,0.50487,0.50268,0.50086,0.49821,0.49555,0.49393,0.49333,0.49359,0.49257,0.49449,0.49738,0.50035,0.5031,0.50542,0.50743,0.50855,0.50987
0.57177,0.55316,0.53678,0.52013,0.50643,0.49583,0.48691,0.48124,0.47836,0.47764,0.47919,0.48091,0.48565,0.48869,0.49,0.48973,0.49071,0.49068,0.4886,0.48528,0.48059,0.47549,0.4714,0.46627,0.463,0.4587,0.45668,0.45595,0.45642,0.45676,0.45832,0.45972,0.46397,0.46814,0.47082,0.47345,0.47631,0.47627,0.47614,0.47674,0.47884,0.47903,0.4791,0.47983,0.48101,0.48409,0.48939,0.49407,0.49927,0.50431,0.51107,0.51607,0.52018,0.52263,0.52407,0.5252,0.52429,0.5216,0.51809,0.51371,0.50909,0.50246,0.49926,0.49487,0.49099,0.48894,0.48745,0.48643,0.48637,0.48839,0.49135,0.49401,0.49666,0.49987,0.50176,0.50451,0.50789,0.5103,0.5108,0.5117,0.51146,0.5106,0.50811,0.50558,0.50377,0.50228,0.4999,0.49764,0.49611,0.4956,0.49602,0.49532,0.49706,0.49956,0.50218,0.50449,0.50636,0.508,0.50853,0.50938
0.57639,0.55691,0.53983,0.52253,0.50822,0.49707,0.4878,0.48164,0.47831,0.47712,0.47814,0.47937,0.48357,0.4864,0.48715,0.48633,0.48689,0.48665,0.48458,0.4814,0.47674,0.47182,0.46799,0.46319,0.46019,0.45602,0.45424,0.45337,0.45375,0.45396,0.45545,0.45653,0.4603,0.46437,0.46677,0.46946,0.47252,0.47269,0.47264,0.47359,0.47601,0.47674,0.47751,0.47897,0.48062,0.48427,0.49042,0.49548,0.50081,0.50617,0.51285,0.51757,0.52139,0.52342,0.52397,0.52432,0.52267,0.51902,0.51491,0.5103,0.50532,0.49862,0.49557,0.49131,0.48769,0.48599,0.48478,0.48403,0.48452,0.48715,0.49014,0.49295,0.49578,0.49909,0.50127,0.50442,0.50813,0.5108,0.51163,0.51266,0.51272,0.51207,0.50958,0.50694,0.50525,0.50377,0.50151,0.49926,0.49756,0.49675,0.4971,0.49646,0.49798,0.50018,0.5025,0.50441,0.50598,0.50765,0.50806,0.5089
0.57983,0.55984,0.5424,0.52467,0.51002,0.49844,0.48884,0.48216,0.47827,0.47653,0.47679,0.47739,0.48082,0.48339,0.48355,0.48224,0.48246,0.48205,0.48027,0.4775,0.47327,0.469,0.46585,0.46173,0.45955,0.45597,0.45478,0.45413,0.45463,0.45479,0.45622,0.45712,0.46037,0.46415,0.46607,0.46859,0.47162,0.47185,0.47184,0.47303,0.47573,0.4771,0.47857,0.48072,0.48286,0.48679,0.49355,0.49886,0.50412,0.50961,0.51596,0.52006,0.52325,0.5246,0.52416,0.52356,0.52114,0.51649,0.51173,0.50682,0.50138,0.49445,0.49133,0.48708,0.48358,0.48211,0.48118,0.48056,0.48148,0.48461,0.48744,0.49041,0.49348,0.49693,0.49939,0.50289,0.50693,0.50986,0.51111,0.51232,0.51266,0.51238,0.51021,0.50769,0.50636,0.5051,0.50305,0.50102,0.49924,0.4982,0.49843,0.49789,0.49897,0.50067,0.50265,0.50404,0.50524,0.50676,0.50705,0.50788
0.58036,0.5607,0.54361,0.52613,0.5117,0.50014,0.49049,0.48355,0.47927,0.47711,0.47676,0.47688,0.47955,0.48187,0.48163,0.47986,0.47972,0.47914,0.47748,0.47481,0.47064,0.46673,0.46401,0.46031,0.45859,0.45536,0.45454,0.454,0.4545,0.45461,0.45593,0.45666,0.45932,0.46269,0.46414,0.46636,0.46941,0.46968,0.46963,0.47115,0.47421,0.47631,0.47863,0.48154,0.48431,0.48867,0.49605,0.5016,0.50679,0.51239,0.51815,0.52162,0.52407,0.52476,0.52334,0.5217,0.51851,0.51292,0.50763,0.50258,0.49675,0.48979,0.48665,0.48246,0.47911,0.47796,0.47727,0.47672,0.47805,0.48158,0.48418,0.48737,0.4906,0.49423,0.4969,0.50079,0.50519,0.50843,0.51019,0.51176,0.51263,0.51277,0.5111,0.50896,0.50814,0.5073,0.50543,0.50378,0.50204,0.50082,0.50093,0.50041,0.5011,0.50223,0.50371,0.50462,0.50531,0.50664,0.50681,0.50762
0.57688,0.55783,0.54131,0.5243,0.51028,0.49899,0.48961,0.4828,0.47845,0.47606,0.47534,0.4752,0.47733,0.47947,0.47897,0.47709,0.47668,0.47599,0.47451,0.47207,0.46818,0.46482,0.4626,0.45947,0.45832,0.45565,0.45533,0.45495,0.45554,0.45569,0.45704,0.45765,0.45973,0.46282,0.46388,0.46587,0.46889,0.46936,0.46936,0.47111,0.47432,0.47686,0.47976,0.48318,0.48623,0.49058,0.49791,0.50308,0.5077,0.51282,0.51775,0.52029,0.52184,0.52178,0.51949,0.5171,0.51363,0.50759,0.50233,0.49782,0.49225,0.48596,0.48319,0.47933,0.47644,0.47566,0.4752,0.4747,0.4762,0.47975,0.4819,0.48488,0.48801,0.49155,0.49441,0.49841,0.50299,0.50644,0.50871,0.51052,0.51174,0.51227,0.51102,0.5093,0.50882,0.50822,0.50652,0.50513,0.50329,0.50195,0.50183,0.50124,0.50144,0.50201,0.50289,0.50322,0.5035,0.50466,0.50475,0.50562
0.57697,0.55822,0.54195,0.52509,0.51109,0.49962,0.49002,0.4828,0.47789,0.47492,0.47351,0.47279,0.47417,0.47602,0.47537,0.47342,0.47286,0.47231,0.4714,0.46947,0.4663,0.46388,0.46268,0.4604,0.46022,0.45849,0.45889,0.45888,0.45969,0.45987,0.46102,0.46133,0.46263,0.46489,0.46501,0.46623,0.46876,0.46894,0.46857,0.4702,0.47328,0.47608,0.47957,0.48348,0.48699,0.49147,0.49886,0.50408,0.50853,0.51356,0.518,0.52004,0.52102,0.52056,0.51786,0.515,0.51131,0.50478,0.49942,0.49527,0.48976,0.48364,0.48079,0.47678,0.47388,0.47312,0.47261,0.47209,0.47365,0.47723,0.4791,0.4822,0.48554,0.48942,0.49279,0.49722,0.50226,0.50628,0.50937,0.51173,0.51336,0.51423,0.51356,0.51209,0.51178,0.51115,0.50934,0.50777,0.50547,0.50353,0.50279,0.50172,0.50114,0.50099,0.50112,0.50081,0.50072,0.50171,0.50183,0.50283
0.57756,0.55906,0.54279,0.52587,0.51171,0.49993,0.49004,0.48252,0.47718,0.4739,0.47213,0.47122,0.47223,0.47404,0.47357,0.47188,0.47136,0.47101,0.47037,0.46863,0.46588,0.46404,0.46332,0.4616,0.46201,0.46094,0.46185,0.46218,0.4632,0.46354,0.46453,0.46474,0.46544,0.46709,0.46647,0.46698,0.46902,0.46898,0.46824,0.46985,0.47282,0.47573,0.47967,0.48398,0.48789,0.49251,0.49985,0.50491,0.50907,0.5139,0.51775,0.51931,0.51978,0.51905,0.51604,0.5128,0.50913,0.50242,0.49708,0.4935,0.48818,0.48233,0.47944,0.47524,0.47217,0.4711,0.47018,0.46922,0.4705,0.4737,0.47491,0.47791,0.48124,0.48517,0.48903,0.49401,0.49969,0.50438,0.50844,0.51162,0.51381,0.51521,0.51522,0.51414,0.51407,0.5135,0.51158,0.50988,0.50724,0.50488,0.5035,0.50218,0.50098,0.50032,0.49991,0.49904,0.49863,0.4995,0.49959,0.50073
0.57399,0.55666,0.54144,0.52548,0.51215,0.50105,0.49165,0.48446,0.4792,0.47593,0.47396,0.47281,0.4733,0.47492,0.47419,0.47232,0.4714,0.47076,0.47,0.46806,0.46533,0.46386,0.46343,0.46198,0.46281,0.46238,0.46369,0.46447,0.46587,0.4665,0.4675,0.46782,0.46824,0.46949,0.46841,0.4686,0.4704,0.47028,0.46938,0.471,0.47392,0.47705,0.48137,0.48588,0.49017,0.4947,0.50158,0.50631,0.50995,0.51432,0.51741,0.51828,0.51802,0.51674,0.51335,0.50979,0.50618,0.49949,0.49454,0.49178,0.48692,0.48176,0.4792,0.47519,0.47243,0.47131,0.47029,0.46909,0.47011,0.47268,0.47311,0.47573,0.4787,0.48233,0.48625,0.49122,0.497,0.50209,0.50684,0.51066,0.51329,0.51532,0.51625,0.51594,0.51645,0.51628,0.51461,0.51311,0.51041,0.50774,0.5058,0.50402,0.50195,0.50049,0.4991,0.49732,0.49621,0.49648,0.49619,0.49725
0.57069,0.55428,0.53981,0.52457,0.51186,0.50126,0.49218,0.48529,0.48006,0.47674,0.4745,0.47315,0.47317,0.47433,0.47334,0.47139,0.47011,0.46921,0.46827,0.46618,0.4636,0.46273,0.46278,0.46181,0.4633,0.46367,0.46553,0.46688,0.46865,0.46959,0.47059,0.47105,0.4712,0.47201,0.47042,0.47017,0.47154,0.47123,0.47022,0.4716,0.47428,0.47731,0.48173,0.4862,0.49058,0.49475,0.50108,0.50534,0.50864,0.51274,0.51537,0.51598,0.51535,0.51405,0.51099,0.50769,0.50468,0.49858,0.49422,0.4924,0.48824,0.48378,0.48143,0.47745,0.47466,0.47324,0.4718,0.46997,0.47044,0.47204,0.47147,0.4736,0.47613,0.47952,0.48345,0.48844,0.49447,0.5,0.50546,0.5101,0.51317,0.51575,0.5174,0.51759,0.51828,0.51821,0.51631,0.51464,0.51155,0.50838,0.50571,0.50342,0.50062,0.49868,0.49673,0.49454,0.4933,0.49364,0.49351,0.49501
0.56416,0.54941,0.53635,0.52246,0.51095,0.50142,0.49308,0.48679,0.48181,0.47863,0.47635,0.47491,0.47437,0.47507,0.47375,0.47161,0.47005,0.46882,0.4677,0.46533,0.46289,0.46257,0.4631,0.46257,0.46462,0.46568,0.46796,0.46986,0.47208,0.47339,0.47429,0.47483,0.47475,0.47516,0.47309,0.47248,0.47352,0.47295,0.47172,0.47281,0.47518,0.4779,0.48207,0.48619,0.49048,0.49415,0.49952,0.50309,0.50591,0.50951,0.51177,0.51221,0.51144,0.5104,0.50793,0.50519,0.5031,0.49794,0.49456,0.49389,0.49047,0.48673,0.4846,0.48067,0.47777,0.4759,0.47386,0.47149,0.4713,0.47176,0.47031,0.47183,0.47414,0.47731,0.48128,0.48628,0.49252,0.49832,0.50424,0.50952,0.51279,0.51577,0.51795,0.51838,0.51905,0.51899,0.51678,0.51495,0.51164,0.50815,0.50503,0.50232,0.49895,0.49658,0.49407,0.49148,0.49002,0.49015,0.48994,0.49162
0.55504,0.54249,0.53131,0.51929,0.50936,0.50125,0.49398,0.4886,0.48428,0.48159,0.47951,0.47817,0.4774,0.47778,0.47628,0.47404,0.47219,0.47061,0.46918,0.46642,0.46386,0.4639,0.46444,0.4641,0.46634,0.46798,0.47057,0.47299,0.47567,0.47731,0.47818,0.47899,0.47881,0.47888,0.47647,0.47559,0.47626,0.47548,0.4741,0.47493,0.4771,0.47966,0.48367,0.48772,0.49208,0.49553,0.50012,0.50315,0.50562,0.50865,0.51044,0.51056,0.50944,0.50841,0.50624,0.50377,0.50234,0.49798,0.49533,0.49565,0.49304,0.49001,0.48812,0.48434,0.48137,0.47914,0.47653,0.47353,0.47246,0.47169,0.46938,0.47026,0.47214,0.47489,0.47882,0.48385,0.49029,0.49647,0.50293,0.50897,0.51246,0.51587,0.5186,0.51929,0.51988,0.51965,0.51699,0.51483,0.51113,0.50724,0.50346,0.50026,0.49627,0.49369,0.49077,0.48803,0.48651,0.48661,0.4865,0.48849
0.54306,0.53318,0.52433,0.51467,0.50679,0.50058,0.49487,0.49082,0.48756,0.48569,0.48409,0.48302,0.48214,0.48219,0.4805,0.47815,0.47606,0.4741,0.47228,0.469,0.46615,0.46641,0.46679,0.4664,0.46855,0.47037,0.47279,0.47519,0.47788,0.47935,0.47981,0.48057,0.48018,0.4798,0.4772,0.47615,0.4766,0.47583,0.47461,0.47552,0.47778,0.48036,0.48425,0.48809,0.49243,0.49556,0.49921,0.50161,0.50362,0.506,0.50736,0.50722,0.50589,0.50511,0.50352,0.50174,0.50146,0.49846,0.49708,0.49877,0.49732,0.49543,0.49414,0.49073,0.48791,0.48547,0.48225,0.47867,0.47672,0.47462,0.47128,0.47127,0.47253,0.47473,0.47824,0.48304,0.4894,0.49556,0.50214,0.50852,0.51199,0.51559,0.51851,0.51933,0.51978,0.5194,0.51633,0.51399,0.51014,0.50607,0.50195,0.4985,0.49411,0.49149,0.48821,0.48533,0.48371,0.48351,0.4833,0.48534
0.52822,0.52091,0.51435,0.50715,0.50134,0.49714,0.4931,0.49045,0.48837,0.48745,0.48647,0.48581,0.48496,0.48482,0.48311,0.48076,0.47855,0.47644,0.47437,0.47086,0.46799,0.46853,0.46892,0.46856,0.47068,0.47276,0.47503,0.47751,0.48023,0.48153,0.48158,0.4823,0.48169,0.48098,0.47828,0.47721,0.47754,0.47681,0.47586,0.47682,0.47924,0.48199,0.48587,0.48962,0.49408,0.49693,0.49987,0.50172,0.50341,0.50527,0.50631,0.5059,0.50429,0.50368,0.5025,0.50121,0.50175,0.49995,0.49958,0.50228,0.5019,0.50096,0.50019,0.49729,0.49474,0.49222,0.48871,0.48472,0.48214,0.47879,0.47461,0.47376,0.47442,0.47594,0.47876,0.48304,0.48901,0.49481,0.50106,0.50744,0.5106,0.51413,0.51711,0.51793,0.51828,0.51784,0.51449,0.51214,0.50835,0.50418,0.49988,0.49634,0.49173,0.48906,0.4854,0.48246,0.48075,0.48021,0.47989,0.48203
0.5125,0.50837,0.50456,0.50034,0.49712,0.49539,0.4934,0.49252,0.49195,0.49214,0.49198,0.49173,0.49091,0.4905,0.48858,0.48604,0.48346,0.48087,0.47816,0.47418,0.47083,0.47122,0.47118,0.47066,0.47241,0.47436,0.47635,0.4789,0.48163,0.48292,0.4829,0.48393,0.48363,0.48299,0.48064,0.48001,0.48056,0.48012,0.47952,0.48051,0.48298,0.4857,0.48933,0.49261,0.49681,0.4992,0.50129,0.50245,0.50376,0.50509,0.50592,0.50534,0.50362,0.50326,0.50264,0.50189,0.50321,0.5026,0.50314,0.50668,0.50706,0.50672,0.50623,0.50354,0.50104,0.49832,0.49434,0.48983,0.48661,0.48214,0.47739,0.47588,0.47631,0.47748,0.48003,0.48409,0.4899,0.49558,0.50161,0.50817,0.51113,0.51479,0.51781,0.51859,0.51879,0.51831,0.51468,0.51237,0.50878,0.50466,0.50036,0.49674,0.49192,0.48916,0.4852,0.48222,0.48036,0.47943,0.47881,0.48084
0.49915,0.4975,0.49583,0.49394,0.49271,0.49293,0.49263,0.49305,0.49377,0.49488,0.49547,0.49568,0.49498,0.4945,0.4927,0.49026,0.48765,0.48485,0.48189,0.47773,0.47419,0.4745,0.47427,0.4736,0.47501,0.47678,0.4782,0.48043,0.48293,0.48375,0.48335,0.48411,0.48369,0.48286,0.48067,0.48009,0.48065,0.48035,0.48007,0.48117,0.48387,0.48672,0.49019,0.49314,0.49724,0.49924,0.5006,0.50127,0.50224,0.50302,0.50356,0.50272,0.501,0.50079,0.50057,0.50033,0.50254,0.50329,0.505,0.50959,0.51107,0.51168,0.51186,0.50996,0.50776,0.50515,0.50093,0.49614,0.4923,0.4867,0.48125,0.47878,0.47859,0.47908,0.48111,0.48464,0.49016,0.49546,0.50104,0.50755,0.51021,0.51391,0.51687,0.51746,0.5173,0.51671,0.51264,0.5102,0.50657,0.50228,0.49797,0.49428,0.48942,0.48678,0.48267,0.47992,0.47819,0.47708,0.4766,0.47874
0.48799,0.48868,0.48889,0.48922,0.48984,0.49192,0.49318,0.49477,0.49668,0.49857,0.49966,0.50015,0.49944,0.49857,0.49668,0.49411,0.49131,0.48824,0.48496,0.48074,0.47697,0.47718,0.47674,0.47609,0.47704,0.47846,0.47918,0.48098,0.48306,0.48321,0.48227,0.48283,0.48226,0.48142,0.4796,0.47944,0.48032,0.48036,0.48067,0.48206,0.48502,0.48811,0.4913,0.49379,0.49746,0.49891,0.49958,0.49966,0.50021,0.50051,0.50098,0.50013,0.49859,0.49873,0.49897,0.4994,0.50239,0.50442,0.50716,0.51253,0.51496,0.51634,0.5171,0.51591,0.51417,0.51196,0.50781,0.50298,0.49887,0.49259,0.48691,0.48368,0.48306,0.48295,0.48436,0.48731,0.49233,0.49706,0.50185,0.50797,0.51009,0.51365,0.51639,0.51671,0.51634,0.51572,0.51135,0.50908,0.50564,0.50143,0.49722,0.49355,0.48884,0.48644,0.4823,0.47978,0.47814,0.47675,0.47631,0.47845
0.47472,0.4778,0.4801,0.4828,0.48554,0.4898,0.49295,0.49605,0.49941,0.50226,0.50411,0.50506,0.5044,0.50338,0.50144,0.49876,0.49571,0.49224,0.48852,0.48404,0.47992,0.47985,0.47905,0.47834,0.47887,0.47983,0.47979,0.48124,0.48296,0.48263,0.48153,0.48198,0.48139,0.4807,0.47937,0.47966,0.48089,0.48134,0.48215,0.48379,0.48698,0.49015,0.49293,0.49486,0.49801,0.4989,0.49898,0.49847,0.49859,0.49845,0.4988,0.49778,0.49651,0.49713,0.49782,0.49878,0.50259,0.50583,0.50948,0.5155,0.5187,0.52071,0.52188,0.52136,0.51993,0.51784,0.51351,0.50845,0.50396,0.49697,0.49091,0.48688,0.48571,0.48481,0.48546,0.48777,0.49219,0.49626,0.50016,0.5059,0.50763,0.51116,0.51383,0.51413,0.51385,0.51353,0.50938,0.50774,0.50493,0.50118,0.4974,0.49412,0.48979,0.48766,0.48355,0.48127,0.47966,0.47805,0.47745,0.47954
0.46037,0.46614,0.47085,0.47613,0.4812,0.48774,0.49281,0.49737,0.50197,0.50558,0.50794,0.50908,0.50825,0.50694,0.50474,0.50177,0.49832,0.49444,0.49039,0.48601,0.48177,0.48154,0.48071,0.48014,0.48053,0.48129,0.48074,0.48201,0.4834,0.48267,0.48143,0.48175,0.48105,0.4805,0.47946,0.48009,0.48159,0.48229,0.48353,0.48537,0.48864,0.49198,0.49447,0.49579,0.49851,0.49895,0.49854,0.4977,0.49747,0.4971,0.49745,0.49627,0.49527,0.49634,0.49725,0.49868,0.50294,0.50706,0.51141,0.51783,0.52161,0.52412,0.52569,0.52594,0.52501,0.52336,0.51931,0.51444,0.51002,0.50288,0.49681,0.49229,0.49087,0.48934,0.48932,0.49096,0.49463,0.49777,0.50033,0.50505,0.50581,0.50867,0.5106,0.51026,0.50946,0.50895,0.50453,0.50313,0.5007,0.49732,0.49413,0.49148,0.48785,0.48631,0.48278,0.4812,0.48016,0.47867,0.47855,0.48097
0.44786,0.45527,0.46138,0.46836,0.47503,0.4831,0.48956,0.4952,0.50088,0.50513,0.50813,0.50969,0.509,0.50773,0.50568,0.50282,0.49941,0.49559,0.49152,0.48748,0.48326,0.4829,0.48199,0.48149,0.48149,0.48166,0.48041,0.48112,0.48187,0.48035,0.47881,0.4787,0.47779,0.47736,0.47673,0.47778,0.47963,0.48069,0.48242,0.48468,0.48811,0.49162,0.49375,0.49464,0.49684,0.49682,0.49601,0.49472,0.49409,0.49342,0.49371,0.49236,0.4916,0.49287,0.4939,0.49558,0.50012,0.50491,0.50981,0.51658,0.52096,0.52417,0.52629,0.52756,0.52747,0.52679,0.52346,0.51937,0.51553,0.50876,0.50312,0.49849,0.49704,0.49521,0.4949,0.49598,0.49909,0.50144,0.50285,0.50676,0.50665,0.50884,0.51009,0.50912,0.50775,0.50679,0.502,0.50068,0.49828,0.49506,0.49227,0.49006,0.48698,0.4859,0.4828,0.48185,0.48138,0.48,0.48031,0.48294
0.43951,0.44816,0.45535,0.46366,0.47149,0.48065,0.48804,0.49432,0.50057,0.50504,0.50831,0.51011,0.50948,0.50831,0.5065,0.50389,0.50072,0.49719,0.49347,0.48999,0.48605,0.48578,0.4851,0.48472,0.48439,0.48405,0.4821,0.48221,0.48222,0.47993,0.47803,0.47738,0.47611,0.47579,0.47541,0.47666,0.47883,0.48003,0.4821,0.48461,0.48809,0.49169,0.49336,0.49365,0.4953,0.49479,0.49357,0.49184,0.49084,0.48991,0.49005,0.48853,0.48798,0.48937,0.49042,0.49227,0.49694,0.50216,0.50756,0.51452,0.51946,0.52324,0.52593,0.52828,0.529,0.52919,0.5266,0.52327,0.52004,0.51358,0.50831,0.50359,0.50196,0.49962,0.49878,0.4992,0.50162,0.50305,0.50321,0.50613,0.5052,0.50664,0.50732,0.50586,0.50407,0.50297,0.49809,0.49709,0.49503,0.49221,0.49006,0.4884,0.48606,0.48557,0.48307,0.48279,0.48291,0.48179,0.48261,0.48553
0.43231,0.44198,0.45022,0.45968,0.46854,0.47879,0.48711,0.49407,0.50087,0.50555,0.50899,0.51082,0.50992,0.50858,0.50664,0.50388,0.50051,0.49697,0.49335,0.49028,0.48657,0.48642,0.48613,0.48601,0.48579,0.4854,0.48312,0.48294,0.4825,0.47981,0.47784,0.47682,0.47536,0.47538,0.47541,0.47694,0.47943,0.48093,0.48338,0.48623,0.48969,0.49343,0.49463,0.49418,0.49519,0.49402,0.49228,0.48994,0.48848,0.48724,0.48715,0.48531,0.48501,0.48646,0.48743,0.48937,0.4942,0.49983,0.50565,0.51265,0.51791,0.52218,0.52517,0.52834,0.52984,0.53079,0.5287,0.52599,0.52335,0.51722,0.51238,0.50761,0.50597,0.50333,0.50224,0.5022,0.5042,0.50498,0.50421,0.50634,0.50495,0.5058,0.50597,0.50415,0.50201,0.50068,0.49575,0.49511,0.4932,0.4906,0.4889,0.48764,0.48597,0.48587,0.48388,0.48417,0.48489,0.48402,0.48545,0.4886
0.427,0.43736,0.44643,0.45676,0.46641,0.47728,0.48621,0.49352,0.50044,0.505,0.50829,0.50992,0.50874,0.50732,0.50531,0.50263,0.49936,0.4961,0.49301,0.49078,0.48764,0.48801,0.48851,0.48888,0.48898,0.48861,0.48612,0.48545,0.48439,0.48114,0.47882,0.47704,0.47491,0.47468,0.47444,0.47565,0.47794,0.47928,0.48164,0.48455,0.48779,0.49153,0.49229,0.4914,0.49201,0.4906,0.48892,0.4865,0.48512,0.48399,0.48395,0.48213,0.48223,0.4839,0.48488,0.48685,0.49146,0.49711,0.50292,0.50972,0.51501,0.51955,0.52271,0.52656,0.52876,0.53049,0.52907,0.52712,0.52533,0.51988,0.51571,0.5113,0.50977,0.50709,0.50589,0.5055,0.50728,0.50767,0.50613,0.50766,0.50586,0.5061,0.50581,0.50366,0.50123,0.49963,0.4947,0.49415,0.49225,0.48976,0.48842,0.4875,0.48648,0.48686,0.48551,0.48644,0.48783,0.48726,0.48935,0.49284
0.42782,0.43787,0.44686,0.45707,0.46662,0.47735,0.48618,0.49321,0.49984,0.50401,0.50694,0.50818,0.50659,0.505,0.50283,0.50016,0.49685,0.4936,0.49091,0.48934,0.48677,0.4875,0.48878,0.48969,0.49025,0.49031,0.48799,0.48732,0.48618,0.48285,0.48061,0.47849,0.47621,0.47607,0.47576,0.47671,0.47883,0.47999,0.48219,0.48503,0.48797,0.49157,0.49175,0.49028,0.49038,0.48867,0.48667,0.48406,0.48254,0.48128,0.48098,0.4789,0.47903,0.48046,0.48114,0.48289,0.48713,0.49247,0.49817,0.50464,0.50984,0.51459,0.51796,0.52263,0.52568,0.5282,0.52766,0.52681,0.52602,0.52151,0.51818,0.5145,0.51345,0.51106,0.51009,0.5096,0.51135,0.51158,0.50964,0.51069,0.50869,0.50849,0.50787,0.50557,0.50291,0.50103,0.49621,0.49582,0.49389,0.49163,0.49064,0.49012,0.48957,0.49018,0.48944,0.49073,0.49255,0.49213,0.49449,0.49795
0.43252,0.44159,0.44997,0.4595,0.46842,0.47842,0.48668,0.49319,0.49911,0.50259,0.50499,0.50571,0.50371,0.5019,0.49961,0.49685,0.49354,0.49033,0.48804,0.48709,0.48498,0.48602,0.48797,0.48919,0.49006,0.49034,0.48805,0.48716,0.48572,0.48226,0.47998,0.47728,0.47475,0.47464,0.4741,0.47484,0.47691,0.47792,0.48007,0.48296,0.48573,0.48925,0.48907,0.48734,0.48721,0.48537,0.48332,0.48069,0.47911,0.47782,0.47739,0.47522,0.4755,0.47676,0.47723,0.47884,0.48278,0.48781,0.49342,0.49963,0.50473,0.50981,0.51349,0.51877,0.52248,0.52556,0.52566,0.52564,0.52563,0.52183,0.51908,0.5159,0.51502,0.51286,0.51209,0.51164,0.51357,0.51394,0.51198,0.51315,0.5114,0.51116,0.51056,0.50844,0.50584,0.50387,0.4993,0.49885,0.49669,0.49438,0.49346,0.49297,0.49264,0.49321,0.49264,0.49407,0.49613,0.49577,0.49823,0.50169
0.43685,0.44484,0.45256,0.46125,0.46951,0.47874,0.48638,0.49233,0.49755,0.50041,0.50227,0.50244,0.50002,0.49799,0.49553,0.49272,0.48941,0.48638,0.4847,0.48449,0.48328,0.48501,0.48791,0.48973,0.49128,0.49216,0.49025,0.48933,0.48776,0.48425,0.48174,0.47834,0.47544,0.47515,0.47423,0.47446,0.47624,0.47702,0.47897,0.48185,0.48437,0.48772,0.48725,0.48542,0.48519,0.48346,0.48145,0.47895,0.47755,0.4763,0.4758,0.47368,0.47409,0.47507,0.47516,0.47636,0.47969,0.48399,0.48895,0.49449,0.49912,0.50418,0.50787,0.51348,0.51773,0.52129,0.52207,0.52298,0.52402,0.52122,0.51934,0.51699,0.5166,0.51493,0.51463,0.51446,0.5168,0.51745,0.51558,0.51676,0.51512,0.5147,0.51391,0.51176,0.50892,0.50648,0.50194,0.5011,0.4985,0.4959,0.49487,0.4943,0.49402,0.49443,0.49408,0.49545,0.49766,0.49732,0.49987,0.50321
0.44557,0.45216,0.45894,0.46644,0.47364,0.48167,0.4883,0.49337,0.49758,0.49969,0.50076,0.50032,0.49732,0.49504,0.49232,0.48932,0.4861,0.48321,0.48207,0.48249,0.48203,0.48433,0.48811,0.49039,0.49272,0.49416,0.49275,0.49195,0.49041,0.48717,0.48462,0.48087,0.47778,0.47752,0.47631,0.4761,0.4776,0.478,0.4796,0.48222,0.48435,0.48726,0.48633,0.48412,0.4836,0.48172,0.47968,0.47714,0.47591,0.47477,0.47403,0.47202,0.47253,0.47329,0.47306,0.47396,0.47668,0.48022,0.4846,0.48937,0.49336,0.4981,0.50159,0.50716,0.51164,0.51534,0.51649,0.51812,0.52005,0.518,0.51691,0.51572,0.51602,0.51515,0.51557,0.51609,0.5192,0.52049,0.51914,0.52077,0.5196,0.51917,0.51839,0.51641,0.51354,0.5108,0.50631,0.50517,0.5022,0.49941,0.49839,0.49779,0.49763,0.498,0.49797,0.49947,0.50172,0.50138,0.50395,0.50702
0.45264,0.45797,0.46391,0.47031,0.47658,0.48351,0.48923,0.4936,0.49698,0.49857,0.49907,0.49824,0.49505,0.49282,0.49003,0.48714,0.48418,0.48147,0.48094,0.48198,0.48214,0.48491,0.4893,0.49171,0.49433,0.49595,0.49471,0.49361,0.49181,0.48859,0.48577,0.4816,0.47837,0.47821,0.47692,0.47663,0.47825,0.47885,0.48062,0.48334,0.48548,0.48832,0.48716,0.48477,0.48412,0.48208,0.47972,0.47684,0.4754,0.47384,0.47248,0.47015,0.47038,0.47058,0.4698,0.47025,0.47236,0.47512,0.47901,0.48328,0.48687,0.49162,0.49521,0.501,0.50589,0.50972,0.51138,0.51367,0.51632,0.51487,0.51444,0.514,0.51476,0.51437,0.5152,0.51614,0.51975,0.52159,0.52071,0.52263,0.52196,0.52167,0.52102,0.51946,0.51665,0.51386,0.50983,0.50865,0.50558,0.50302,0.50229,0.50183,0.50202,0.50233,0.50265,0.5042,0.50633,0.50597,0.50815,0.51076
0.45864,0.46309,0.46854,0.47416,0.4797,0.48556,0.49043,0.49397,0.49635,0.49719,0.49687,0.49533,0.49155,0.48906,0.48602,0.48302,0.4802,0.47766,0.47792,0.47962,0.4806,0.4842,0.48949,0.49237,0.4956,0.49778,0.49704,0.49581,0.49408,0.49097,0.48791,0.48333,0.47994,0.47962,0.478,0.47747,0.479,0.47962,0.48142,0.48416,0.48632,0.48912,0.48795,0.48573,0.48521,0.48334,0.48098,0.47811,0.47684,0.47504,0.47332,0.4708,0.47065,0.47026,0.46886,0.46876,0.46997,0.47173,0.4748,0.47823,0.48104,0.48545,0.48877,0.49426,0.49917,0.50296,0.50489,0.5077,0.51104,0.51011,0.51041,0.51091,0.51237,0.51284,0.51435,0.51606,0.52039,0.52315,0.52307,0.52561,0.52568,0.52566,0.52525,0.52423,0.52165,0.51873,0.51503,0.5135,0.51017,0.50738,0.50665,0.50591,0.50601,0.50603,0.50631,0.50769,0.50956,0.50914,0.51099,0.51317
0.46904,0.47212,0.47643,0.48065,0.48479,0.48896,0.49245,0.49482,0.49586,0.49582,0.49474,0.49257,0.48849,0.48593,0.48307,0.48037,0.47806,0.4759,0.47709,0.47955,0.48138,0.48578,0.49184,0.49516,0.49883,0.5015,0.50129,0.49995,0.49818,0.49536,0.49202,0.48693,0.48333,0.48259,0.48049,0.47937,0.48034,0.48063,0.48206,0.48435,0.48624,0.4887,0.48733,0.48524,0.48478,0.48317,0.48093,0.47825,0.47724,0.47543,0.47337,0.47088,0.47058,0.46975,0.46797,0.46732,0.46783,0.46871,0.4709,0.47351,0.47564,0.47961,0.48265,0.48777,0.4925,0.49612,0.49822,0.50144,0.5053,0.50501,0.50604,0.50755,0.50967,0.51099,0.51324,0.5157,0.52083,0.5244,0.52516,0.52833,0.52899,0.52918,0.52897,0.52847,0.52613,0.5232,0.51988,0.51813,0.5147,0.51197,0.51132,0.51052,0.51068,0.5105,0.51072,0.51175,0.51318,0.51247,0.51353,0.51482
0.47725,0.47957,0.4833,0.48658,0.48978,0.49271,0.49525,0.49672,0.49683,0.49623,0.49461,0.49205,0.48782,0.48546,0.48282,0.4804,0.47857,0.47673,0.47866,0.48156,0.48406,0.4889,0.49525,0.49863,0.50237,0.50523,0.50513,0.50341,0.50144,0.49858,0.49472,0.48906,0.48503,0.48376,0.48118,0.47952,0.48006,0.48014,0.48129,0.48338,0.48524,0.48754,0.48641,0.48481,0.48481,0.48384,0.48187,0.47964,0.47908,0.47754,0.47544,0.47316,0.47276,0.47167,0.46946,0.46832,0.46813,0.46812,0.46948,0.47133,0.47259,0.47599,0.47869,0.48314,0.48743,0.4906,0.49263,0.49602,0.50017,0.5001,0.50147,0.50367,0.50632,0.50834,0.5111,0.51427,0.52007,0.52454,0.52622,0.53012,0.53151,0.53222,0.5325,0.53278,0.531,0.52831,0.52562,0.52375,0.52035,0.51766,0.51705,0.51594,0.51579,0.51501,0.5147,0.51509,0.5156,0.51423,0.5143,0.51456
0.48233,0.48424,0.48766,0.49046,0.49309,0.49521,0.49725,0.49824,0.49782,0.49696,0.49501,0.49224,0.48805,0.4858,0.48334,0.48112,0.47965,0.4779,0.48025,0.48333,0.48624,0.49126,0.49755,0.50086,0.50447,0.50733,0.50734,0.50533,0.50336,0.50066,0.49666,0.4909,0.48683,0.48533,0.48278,0.48103,0.48145,0.48163,0.48279,0.48467,0.48652,0.48869,0.48782,0.48671,0.48699,0.48651,0.48492,0.48298,0.48275,0.48143,0.47931,0.47723,0.47674,0.47548,0.47296,0.47145,0.47061,0.46987,0.47037,0.47151,0.47203,0.47481,0.477,0.48062,0.48425,0.4868,0.48853,0.4916,0.49573,0.49556,0.49694,0.49951,0.50235,0.50483,0.50792,0.51168,0.51798,0.52339,0.52601,0.53081,0.53315,0.53456,0.53543,0.53664,0.5355,0.5332,0.53105,0.52906,0.52567,0.52284,0.52208,0.52062,0.52017,0.51886,0.51818,0.51817,0.51807,0.51639,0.51577,0.51541
0.48871,0.49039,0.49355,0.49587,0.49791,0.49913,0.50044,0.50067,0.49938,0.49794,0.4954,0.49227,0.48782,0.48556,0.48326,0.48132,0.48019,0.47867,0.48157,0.48504,0.48841,0.49379,0.50016,0.50341,0.50684,0.5095,0.50937,0.50684,0.50457,0.50174,0.49721,0.49103,0.48657,0.48466,0.48191,0.48001,0.48034,0.48081,0.48217,0.48415,0.4863,0.48869,0.48835,0.488,0.48892,0.48902,0.48788,0.48623,0.48622,0.48498,0.48266,0.48063,0.47987,0.47827,0.47539,0.47344,0.4719,0.47055,0.4703,0.47093,0.47079,0.47303,0.47484,0.47768,0.48056,0.48242,0.48385,0.48658,0.49066,0.49033,0.49159,0.49436,0.49748,0.50041,0.5038,0.50808,0.5149,0.52119,0.52457,0.53002,0.53306,0.53506,0.53646,0.53828,0.53764,0.53566,0.53392,0.53174,0.52836,0.5254,0.52452,0.52266,0.52186,0.51989,0.5187,0.51824,0.51736,0.51534,0.51389,0.51293
0.49325,0.49477,0.49756,0.49935,0.50078,0.50128,0.50202,0.50173,0.49981,0.49805,0.49526,0.49216,0.488,0.48615,0.48432,0.48292,0.48237,0.48118,0.48466,0.48842,0.49219,0.4977,0.50383,0.50699,0.51014,0.5125,0.51217,0.50924,0.50693,0.50429,0.49951,0.49328,0.48863,0.4865,0.48379,0.48201,0.48231,0.4831,0.48464,0.48657,0.48887,0.49133,0.49161,0.49205,0.49341,0.49412,0.49356,0.49225,0.49257,0.49141,0.48909,0.48725,0.48623,0.48437,0.48098,0.47839,0.47604,0.4739,0.47259,0.47245,0.47151,0.47294,0.47415,0.47613,0.47823,0.47961,0.48083,0.48327,0.48739,0.48702,0.48842,0.49138,0.49475,0.49802,0.50163,0.50633,0.51341,0.52023,0.52414,0.53014,0.53361,0.53599,0.53787,0.54024,0.53987,0.53817,0.53664,0.53418,0.53078,0.52762,0.52652,0.52413,0.52288,0.52032,0.5186,0.51774,0.51619,0.51393,0.51192,0.51047
0.49519,0.49744,0.50062,0.50262,0.50404,0.50427,0.50469,0.50401,0.50154,0.49927,0.49607,0.49276,0.48845,0.48666,0.48498,0.48379,0.48358,0.48262,0.48645,0.49042,0.49437,0.50009,0.50599,0.50915,0.51203,0.51414,0.51366,0.51047,0.50811,0.50554,0.50055,0.49412,0.4892,0.48664,0.48383,0.482,0.48221,0.48307,0.48466,0.48658,0.48903,0.49161,0.49243,0.49375,0.49572,0.49718,0.49724,0.49641,0.49703,0.49604,0.49389,0.49232,0.49129,0.48929,0.48562,0.48263,0.47975,0.47712,0.47506,0.47441,0.47285,0.47363,0.47429,0.47533,0.47643,0.47724,0.47795,0.47991,0.48367,0.48301,0.48423,0.48717,0.49058,0.49399,0.49774,0.50284,0.51006,0.51734,0.52166,0.52815,0.53207,0.53478,0.53698,0.53977,0.53955,0.53803,0.53654,0.53387,0.53041,0.52717,0.52579,0.52288,0.52121,0.51822,0.51613,0.51503,0.513,0.51066,0.50825,0.50652
0.49822,0.50065,0.50368,0.5055,0.50651,0.50626,0.50623,0.505,0.50186,0.49911,0.49557,0.49222,0.48801,0.4865,0.48521,0.4846,0.48503,0.48463,0.48909,0.49356,0.49815,0.50433,0.51025,0.51352,0.51607,0.51786,0.51697,0.51321,0.51046,0.50743,0.50179,0.49472,0.48894,0.48559,0.48237,0.48023,0.48009,0.48103,0.48278,0.48477,0.48736,0.49018,0.49177,0.49409,0.49674,0.49902,0.49982,0.49953,0.5005,0.49972,0.49791,0.49657,0.49564,0.49372,0.48985,0.48669,0.48347,0.48054,0.47793,0.47699,0.47515,0.47558,0.47592,0.47627,0.47657,0.477,0.47744,0.47895,0.48249,0.48169,0.4827,0.48536,0.48864,0.49195,0.49559,0.50083,0.50784,0.51528,0.51978,0.52642,0.53048,0.53335,0.5358,0.53887,0.53887,0.53758,0.5361,0.53323,0.52976,0.52637,0.52461,0.5213,0.51921,0.51585,0.51344,0.51214,0.50969,0.50737,0.50483,0.503
0.49448,0.49847,0.50266,0.50562,0.50741,0.50772,0.50798,0.50693,0.50364,0.50067,0.49702,0.49365,0.48945,0.48799,0.48674,0.48635,0.48706,0.48695,0.49162,0.49619,0.50087,0.50722,0.51275,0.51595,0.51798,0.51937,0.51812,0.51409,0.51115,0.50801,0.50211,0.49496,0.4888,0.48498,0.48168,0.47955,0.4793,0.48026,0.48197,0.48391,0.48646,0.48935,0.49147,0.49453,0.49763,0.50066,0.5023,0.50266,0.50406,0.50376,0.50257,0.50178,0.50097,0.49943,0.49566,0.49238,0.48882,0.48557,0.48236,0.48109,0.47891,0.47889,0.47889,0.47862,0.47826,0.47858,0.47896,0.48012,0.48363,0.48287,0.48379,0.48629,0.48945,0.49259,0.49581,0.50083,0.50723,0.51444,0.51862,0.52499,0.52874,0.53136,0.53382,0.53691,0.53692,0.53581,0.53424,0.53132,0.52807,0.52469,0.52266,0.51902,0.51657,0.5129,0.51019,0.50864,0.50581,0.50345,0.50062,0.49866
0.49451,0.49923,0.50382,0.50721,0.50914,0.50954,0.50971,0.50851,0.50488,0.50149,0.49774,0.4944,0.49039,0.48927,0.48828,0.48834,0.48954,0.4899,0.49486,0.4997,0.50461,0.51122,0.51646,0.51964,0.5212,0.52227,0.52066,0.51632,0.5132,0.50987,0.50374,0.49625,0.48955,0.48498,0.48122,0.47876,0.47815,0.47886,0.48039,0.48226,0.48469,0.48768,0.49045,0.49445,0.49821,0.50219,0.5047,0.50576,0.50771,0.50787,0.50723,0.50682,0.50624,0.50495,0.50136,0.4981,0.49434,0.49097,0.48744,0.48604,0.48364,0.48337,0.48312,0.48228,0.48113,0.48108,0.4811,0.48171,0.4849,0.48389,0.48439,0.48655,0.4895,0.49229,0.49534,0.50026,0.5063,0.51359,0.51776,0.5242,0.5281,0.53078,0.53339,0.53645,0.53633,0.53535,0.53335,0.52994,0.5264,0.52251,0.51978,0.51553,0.51235,0.5083,0.50533,0.50368,0.50077,0.49877,0.49625,0.49482
0.49379,0.49918,0.50407,0.5079,0.50995,0.51048,0.51052,0.50914,0.50525,0.50147,0.49757,0.49427,0.49056,0.48956,0.48867,0.48906,0.49062,0.49133,0.4965,0.50156,0.50662,0.51344,0.51839,0.52161,0.52277,0.52367,0.5219,0.51749,0.51436,0.51097,0.50475,0.49712,0.48998,0.48486,0.48075,0.47818,0.47726,0.47784,0.4793,0.48111,0.48359,0.48687,0.49038,0.4955,0.5,0.50492,0.50842,0.51025,0.51273,0.51329,0.51315,0.51304,0.51244,0.51109,0.50735,0.5039,0.49958,0.49587,0.49187,0.49027,0.48781,0.48735,0.48703,0.48602,0.48448,0.48468,0.48489,0.48535,0.48856,0.48766,0.48792,0.48964,0.4923,0.49471,0.4973,0.50181,0.50719,0.51418,0.518,0.52429,0.52804,0.53059,0.53328,0.53618,0.53579,0.53484,0.53227,0.52827,0.52427,0.51971,0.51607,0.511,0.50699,0.50242,0.49912,0.49733,0.49429,0.49254,0.49041,0.48953
0.49456,0.50033,0.50536,0.50943,0.51153,0.5122,0.51219,0.51068,0.50664,0.50262,0.49871,0.49545,0.49194,0.49107,0.49017,0.49076,0.49257,0.49366,0.49884,0.50386,0.50896,0.51589,0.52044,0.52357,0.52434,0.52489,0.52278,0.51816,0.51492,0.51119,0.50466,0.49674,0.48923,0.48361,0.47923,0.47655,0.47551,0.47601,0.47752,0.47955,0.48218,0.4857,0.48981,0.49589,0.50095,0.50652,0.51082,0.51314,0.51593,0.51666,0.51701,0.51719,0.51664,0.51524,0.51147,0.50793,0.50344,0.49953,0.49529,0.4936,0.49122,0.49076,0.49052,0.48944,0.48771,0.48817,0.48855,0.48885,0.49195,0.4911,0.49114,0.49233,0.49456,0.49633,0.4984,0.50251,0.50715,0.51382,0.51736,0.52361,0.52736,0.52989,0.53281,0.53558,0.53512,0.53417,0.53115,0.52676,0.52244,0.5173,0.5128,0.50696,0.50224,0.49726,0.49378,0.49185,0.4887,0.48725,0.48539,0.48509
0.49871,0.50453,0.50948,0.51358,0.5155,0.51617,0.51591,0.51414,0.50977,0.50529,0.50109,0.49755,0.49399,0.49285,0.49151,0.49182,0.49344,0.49452,0.49948,0.50444,0.50946,0.51637,0.52072,0.52392,0.5246,0.52535,0.5233,0.51898,0.51604,0.51243,0.50601,0.49815,0.49052,0.48459,0.48,0.47712,0.47583,0.47599,0.47726,0.47922,0.4817,0.48528,0.48986,0.49649,0.50202,0.50825,0.51322,0.51621,0.51947,0.52059,0.52157,0.52204,0.52168,0.52038,0.51661,0.51312,0.50844,0.50433,0.49982,0.49787,0.49535,0.49472,0.49439,0.4932,0.49131,0.49194,0.49254,0.4927,0.49577,0.49519,0.49513,0.49608,0.49818,0.49957,0.50131,0.50516,0.50917,0.51557,0.51867,0.52472,0.52828,0.53066,0.53341,0.53578,0.53485,0.53356,0.52974,0.52461,0.51981,0.51395,0.50839,0.5019,0.49654,0.4913,0.48783,0.48606,0.48317,0.48225,0.48112,0.48174
0.49805,0.50404,0.50911,0.51344,0.51553,0.5165,0.51618,0.51445,0.51016,0.50559,0.50148,0.49796,0.4945,0.49334,0.49178,0.49201,0.49356,0.49474,0.49944,0.50437,0.5094,0.51634,0.52053,0.52382,0.52455,0.52544,0.52356,0.51974,0.5171,0.51352,0.50725,0.49941,0.49168,0.48549,0.48045,0.4773,0.47563,0.47537,0.4762,0.47791,0.48006,0.48339,0.48809,0.49504,0.50067,0.50718,0.5125,0.51589,0.51937,0.52059,0.52202,0.52268,0.52245,0.52112,0.51738,0.5141,0.50937,0.50522,0.50066,0.49866,0.49626,0.49578,0.49567,0.49471,0.49303,0.49412,0.49515,0.49548,0.49866,0.49854,0.49872,0.49957,0.50158,0.50271,0.50436,0.50808,0.51155,0.51778,0.52066,0.5267,0.53017,0.53251,0.5352,0.53727,0.53599,0.53445,0.52995,0.52424,0.51896,0.51239,0.50591,0.49876,0.49276,0.48731,0.48383,0.482,0.47923,0.47873,0.47817,0.4796
0.50274,0.50814,0.51264,0.51656,0.51819,0.51881,0.51796,0.51586,0.5113,0.50641,0.50224,0.49868,0.49542,0.49424,0.49265,0.49299,0.49464,0.49616,0.50088,0.50595,0.51101,0.51793,0.52198,0.52521,0.52575,0.52668,0.52487,0.52126,0.51866,0.51489,0.50857,0.50067,0.49292,0.4865,0.48113,0.47768,0.47576,0.47496,0.47545,0.47703,0.47893,0.48215,0.48696,0.49416,0.49994,0.50668,0.51229,0.51609,0.51976,0.52106,0.52288,0.52366,0.52338,0.52194,0.51821,0.51519,0.51041,0.50603,0.50147,0.49938,0.49717,0.49684,0.49692,0.49628,0.49478,0.49623,0.49773,0.49808,0.50124,0.50157,0.50181,0.50246,0.50438,0.50522,0.50664,0.51014,0.51296,0.519,0.52167,0.52761,0.53089,0.53318,0.53578,0.53757,0.53598,0.53424,0.52926,0.52308,0.51758,0.51058,0.50336,0.49588,0.48949,0.48395,0.48059,0.47887,0.47624,0.47609,0.47596,0.47816
0.50543,0.51032,0.51435,0.51806,0.5194,0.52,0.51895,0.51685,0.51249,0.50784,0.50398,0.5007,0.49784,0.49676,0.49515,0.49553,0.49723,0.49886,0.50326,0.50809,0.51288,0.51942,0.52293,0.52578,0.52587,0.52672,0.52487,0.52146,0.51896,0.5151,0.50882,0.50123,0.49391,0.48769,0.48244,0.47911,0.47725,0.47619,0.47662,0.47818,0.47985,0.48282,0.48761,0.4947,0.5004,0.50693,0.5123,0.5161,0.5197,0.52073,0.52261,0.52331,0.52284,0.52105,0.5172,0.51429,0.50951,0.50492,0.50044,0.49821,0.49619,0.49597,0.49627,0.49584,0.4948,0.49655,0.49868,0.49931,0.50257,0.50355,0.50421,0.50494,0.507,0.50775,0.50915,0.5127,0.51515,0.52101,0.52358,0.52926,0.53239,0.53452,0.53696,0.53849,0.53664,0.53462,0.52929,0.5228,0.51724,0.50995,0.50227,0.49481,0.48842,0.4831,0.48022,0.47884,0.47651,0.47683,0.47721,0.48
0.50841,0.51265,0.51615,0.51946,0.52038,0.52066,0.51916,0.5168,0.5123,0.50759,0.50376,0.50051,0.4979,0.497,0.4955,0.49615,0.49817,0.50036,0.50504,0.51013,0.51518,0.52176,0.52525,0.52797,0.5279,0.52874,0.52695,0.52365,0.5211,0.51703,0.51067,0.50318,0.4961,0.48995,0.48461,0.48119,0.47925,0.47793,0.47811,0.4794,0.48077,0.48332,0.48794,0.49483,0.50033,0.50658,0.51175,0.51557,0.51915,0.52,0.52198,0.52264,0.52207,0.51996,0.51596,0.51314,0.50818,0.50318,0.49852,0.49589,0.49385,0.49346,0.49377,0.49344,0.49264,0.49462,0.49728,0.4981,0.50149,0.50309,0.50424,0.50513,0.50737,0.50804,0.50946,0.51298,0.51498,0.52071,0.52311,0.52853,0.53142,0.53345,0.53576,0.53702,0.53499,0.5328,0.5273,0.52067,0.51523,0.50786,0.50001,0.49267,0.48646,0.48143,0.47894,0.47797,0.47597,0.47667,0.47745,0.48081
0.50894,0.51321,0.5169,0.52043,0.52161,0.52211,0.52063,0.51832,0.51403,0.50952,0.50577,0.50244,0.4998,0.4987,0.49697,0.49748,0.49943,0.50176,0.50634,0.51153,0.51658,0.52303,0.52659,0.52933,0.52939,0.53051,0.52919,0.52642,0.52413,0.52018,0.51399,0.50689,0.5003,0.49446,0.48922,0.48573,0.48366,0.482,0.48181,0.48277,0.4837,0.48573,0.48979,0.49603,0.50097,0.50663,0.51111,0.51464,0.51796,0.51848,0.52033,0.5209,0.52027,0.51791,0.51386,0.51132,0.50645,0.50126,0.49664,0.4937,0.49164,0.49099,0.49125,0.49111,0.4906,0.49274,0.49586,0.49701,0.50046,0.50283,0.50467,0.50599,0.5086,0.50941,0.51106,0.51457,0.51622,0.52174,0.52398,0.52897,0.53158,0.5334,0.53541,0.53642,0.53423,0.53192,0.52656,0.52009,0.51511,0.50798,0.5003,0.49343,0.48769,0.48315,0.48131,0.48078,0.47903,0.47997,0.48109,0.48475
0.51054,0.51459,0.51824,0.52175,0.52299,0.52353,0.52206,0.5198,0.51573,0.51146,0.5079,0.50465,0.50217,0.50112,0.49942,0.50001,0.50196,0.50439,0.50878,0.51382,0.51857,0.52459,0.52786,0.53021,0.5301,0.53113,0.53002,0.5275,0.52542,0.52157,0.5157,0.50918,0.50333,0.49799,0.49301,0.4897,0.48751,0.48559,0.48523,0.48587,0.48648,0.48807,0.49157,0.49707,0.50143,0.50629,0.51011,0.51321,0.51611,0.51623,0.51779,0.51808,0.51713,0.51439,0.51037,0.5082,0.50352,0.49841,0.49409,0.49105,0.48916,0.48851,0.4889,0.48913,0.48913,0.49131,0.49492,0.49618,0.49961,0.50255,0.50481,0.50641,0.50914,0.50989,0.51151,0.51475,0.51591,0.52118,0.52329,0.52786,0.53015,0.53194,0.53388,0.5349,0.53286,0.53062,0.5258,0.51965,0.51519,0.50843,0.50107,0.49468,0.48939,0.48537,0.48409,0.48391,0.48253,0.48381,0.48518,0.48915
0.50956,0.51339,0.51704,0.52055,0.52185,0.52252,0.52111,0.51894,0.51518,0.5113,0.50802,0.50495,0.50272,0.50181,0.50037,0.50116,0.50321,0.50581,0.51021,0.5152,0.51982,0.52549,0.52853,0.53048,0.53012,0.53112,0.53006,0.52779,0.5258,0.5219,0.51628,0.5103,0.50527,0.5005,0.49601,0.49303,0.49099,0.48916,0.48879,0.48926,0.48964,0.49088,0.49376,0.49854,0.5023,0.5063,0.50915,0.51173,0.51406,0.51369,0.51502,0.51495,0.51373,0.51064,0.50665,0.50475,0.50034,0.49532,0.49112,0.48802,0.4863,0.48561,0.48596,0.48646,0.48682,0.48896,0.49294,0.4943,0.49762,0.50111,0.50383,0.50563,0.50856,0.50932,0.51106,0.51417,0.51499,0.52008,0.52207,0.5262,0.52815,0.52988,0.53174,0.53281,0.5309,0.52875,0.52462,0.51906,0.51533,0.5091,0.5022,0.49648,0.4917,0.48799,0.48701,0.4869,0.48551,0.48666,0.48786,0.49176
0.50902,0.51279,0.51659,0.52013,0.52147,0.52221,0.52095,0.51893,0.51543,0.51184,0.50872,0.50574,0.50361,0.50266,0.50145,0.50229,0.50448,0.50733,0.51175,0.51678,0.52134,0.52681,0.52984,0.53158,0.53134,0.53246,0.53173,0.52968,0.52781,0.52404,0.51865,0.51317,0.50871,0.50434,0.50017,0.49718,0.49502,0.49286,0.49221,0.4923,0.4922,0.49291,0.49511,0.49906,0.50222,0.50534,0.50742,0.50952,0.51153,0.51092,0.51199,0.51175,0.51034,0.507,0.50309,0.50142,0.49727,0.4923,0.4882,0.48488,0.48323,0.48238,0.48256,0.48315,0.48374,0.48575,0.48993,0.4913,0.49445,0.49834,0.50146,0.50372,0.50694,0.50789,0.5098,0.51282,0.51354,0.51851,0.52053,0.52428,0.52585,0.52734,0.52891,0.52996,0.52806,0.52597,0.52237,0.51734,0.51427,0.50864,0.50236,0.49743,0.4933,0.49016,0.48973,0.49007,0.48893,0.49011,0.49133,0.49516
0.50532,0.50963,0.51409,0.51818,0.52011,0.52146,0.52067,0.51914,0.51616,0.51304,0.51016,0.50732,0.50524,0.50427,0.50317,0.50398,0.50622,0.50921,0.51352,0.51853,0.52289,0.52805,0.53101,0.53253,0.53232,0.53338,0.5327,0.5309,0.52904,0.52539,0.52028,0.51533,0.51147,0.50767,0.504,0.5012,0.49923,0.49704,0.49642,0.49621,0.49585,0.49615,0.49771,0.50073,0.50325,0.50541,0.50668,0.50824,0.50968,0.50876,0.50951,0.50917,0.50778,0.50441,0.50071,0.4994,0.49574,0.49101,0.48731,0.48404,0.48265,0.48163,0.48176,0.4824,0.48323,0.48487,0.48912,0.49034,0.49319,0.49729,0.50059,0.503,0.50631,0.50726,0.50919,0.51186,0.5123,0.51683,0.51865,0.5217,0.52258,0.52374,0.52502,0.52592,0.52399,0.52193,0.51921,0.51506,0.51289,0.50831,0.50307,0.49925,0.49613,0.49364,0.49385,0.49455,0.49366,0.49476,0.49571,0.49909
0.5026,0.50725,0.51211,0.51643,0.51874,0.52048,0.52004,0.51889,0.5163,0.51366,0.51099,0.50831,0.50626,0.50533,0.50439,0.50521,0.50744,0.51058,0.51474,0.51966,0.52378,0.52861,0.53144,0.53275,0.53264,0.53352,0.53287,0.53115,0.52934,0.52573,0.52079,0.51638,0.51303,0.50971,0.50639,0.50382,0.50194,0.4998,0.49923,0.4989,0.49825,0.49814,0.4991,0.50123,0.50311,0.5043,0.50482,0.50567,0.50655,0.50521,0.50562,0.5051,0.50356,0.50018,0.49678,0.4958,0.49261,0.4882,0.48491,0.48174,0.48068,0.47967,0.47991,0.48066,0.4817,0.48306,0.4873,0.48835,0.49092,0.49508,0.49841,0.50094,0.50422,0.50514,0.50699,0.5094,0.50982,0.51416,0.51608,0.51878,0.51959,0.52074,0.52202,0.52308,0.52151,0.51981,0.51804,0.51472,0.51325,0.50944,0.50502,0.50205,0.49949,0.4974,0.49794,0.49885,0.4979,0.49873,0.49945,0.5023
0.49732,0.50303,0.50893,0.51414,0.51719,0.51954,0.51958,0.51885,0.51643,0.51388,0.51111,0.50817,0.50575,0.50441,0.50338,0.50403,0.50625,0.5094,0.51353,0.51851,0.52262,0.52761,0.53076,0.53232,0.53264,0.53379,0.53353,0.53227,0.53075,0.52755,0.52314,0.51933,0.51655,0.51364,0.51064,0.50814,0.50621,0.5039,0.50329,0.50256,0.5016,0.50111,0.50124,0.50251,0.50371,0.50404,0.50393,0.50415,0.5044,0.50256,0.50248,0.50155,0.49964,0.49602,0.49265,0.49173,0.48887,0.48471,0.48176,0.47868,0.47805,0.47723,0.47768,0.47891,0.4805,0.48194,0.48631,0.48744,0.48992,0.49427,0.49775,0.50042,0.50355,0.50434,0.50598,0.5078,0.50788,0.5116,0.51336,0.51543,0.51584,0.5167,0.51792,0.5191,0.51783,0.51654,0.51593,0.51384,0.5134,0.51074,0.5074,0.50548,0.50372,0.50221,0.5031,0.50406,0.5031,0.50351,0.50368,0.50566
0.49306,0.49949,0.50613,0.51188,0.5155,0.51843,0.51894,0.51871,0.51657,0.51428,0.51155,0.50861,0.50601,0.50448,0.50348,0.5039,0.50602,0.50919,0.51315,0.51805,0.52188,0.52691,0.53018,0.53178,0.53239,0.53357,0.53334,0.53221,0.53066,0.52763,0.5234,0.51989,0.51735,0.51467,0.51179,0.50933,0.50737,0.50487,0.50429,0.50344,0.50234,0.5017,0.50131,0.50187,0.50267,0.50239,0.50184,0.50172,0.50158,0.49953,0.49922,0.4981,0.49611,0.49242,0.48927,0.48858,0.48603,0.48221,0.47964,0.47658,0.47628,0.47551,0.47616,0.47767,0.47963,0.48103,0.4854,0.48655,0.48892,0.49344,0.49705,0.49988,0.503,0.50372,0.50527,0.50671,0.50655,0.50981,0.51145,0.51293,0.51294,0.51339,0.51448,0.51557,0.51446,0.5135,0.51383,0.51275,0.51307,0.51144,0.50918,0.50821,0.50717,0.5061,0.50728,0.50827,0.50715,0.50721,0.50681,0.50775
0.48979,0.4967,0.50373,0.5098,0.51381,0.51728,0.51835,0.51874,0.51703,0.515,0.51252,0.50958,0.50697,0.50522,0.50403,0.50403,0.50597,0.5089,0.51251,0.51713,0.52061,0.52562,0.52901,0.53105,0.53231,0.53379,0.53397,0.53331,0.5322,0.52961,0.52602,0.52285,0.52059,0.51799,0.5151,0.51243,0.5101,0.50709,0.50611,0.50459,0.50292,0.50177,0.50054,0.50021,0.50025,0.49924,0.49841,0.49788,0.49755,0.49545,0.49525,0.49424,0.4925,0.48927,0.48674,0.48658,0.48479,0.48165,0.47972,0.47703,0.47729,0.47684,0.4778,0.47961,0.48189,0.48338,0.48768,0.48881,0.49106,0.4955,0.49904,0.50192,0.50483,0.50537,0.50667,0.50757,0.50716,0.50978,0.51122,0.51212,0.51176,0.51172,0.51263,0.51361,0.51264,0.51206,0.51312,0.51297,0.51383,0.51311,0.51166,0.51146,0.51077,0.50996,0.51122,0.5119,0.51053,0.51001,0.50896,0.50881
0.48426,0.4924,0.50063,0.50771,0.51271,0.5171,0.51895,0.52002,0.51871,0.51688,0.51447,0.51127,0.50827,0.50583,0.50417,0.50332,0.50476,0.50709,0.51007,0.51427,0.51732,0.52233,0.52578,0.52807,0.52989,0.53166,0.53225,0.53211,0.53147,0.52942,0.52645,0.52364,0.52166,0.51915,0.5164,0.51353,0.5111,0.50773,0.50658,0.5046,0.50261,0.50103,0.49915,0.49819,0.49785,0.49635,0.49537,0.49456,0.49402,0.49195,0.49173,0.49067,0.48917,0.48631,0.48434,0.48451,0.48332,0.48081,0.47956,0.47729,0.47815,0.47814,0.47967,0.48182,0.48449,0.4861,0.49029,0.4914,0.49346,0.49765,0.50074,0.50348,0.50601,0.50618,0.50707,0.50738,0.50683,0.509,0.51039,0.51106,0.51075,0.51066,0.51172,0.51278,0.51216,0.51199,0.51365,0.51437,0.51543,0.51525,0.51421,0.51439,0.5137,0.51284,0.5139,0.51423,0.51256,0.51148,0.50983,0.5088
0.48176,0.49028,0.49881,0.50611,0.51145,0.51634,0.51869,0.5203,0.51944,0.51791,0.5158,0.51266,0.50968,0.50691,0.50502,0.50358,0.50467,0.50658,0.50911,0.51292,0.51556,0.52061,0.52408,0.52676,0.52927,0.53137,0.53233,0.53264,0.5325,0.53094,0.52851,0.52597,0.52414,0.52153,0.51871,0.51554,0.51284,0.50895,0.5075,0.505,0.50262,0.50076,0.49828,0.49674,0.49606,0.49413,0.49325,0.4924,0.49182,0.48985,0.48974,0.48874,0.48746,0.48498,0.48362,0.48407,0.48342,0.48144,0.48081,0.47895,0.48041,0.48094,0.483,0.48563,0.48882,0.49066,0.49489,0.49597,0.49797,0.502,0.50467,0.50708,0.50915,0.50888,0.50924,0.50889,0.50813,0.50982,0.51111,0.51156,0.51123,0.51107,0.51231,0.51351,0.51324,0.51344,0.51561,0.51701,0.51826,0.51855,0.5179,0.51848,0.51778,0.51693,0.51782,0.5178,0.51582,0.51429,0.51201,0.51
0.47934,0.48834,0.49718,0.5047,0.51035,0.51557,0.51828,0.52031,0.51971,0.51835,0.5165,0.51332,0.51027,0.50712,0.50493,0.5028,0.50341,0.50479,0.50666,0.50987,0.51183,0.51665,0.51997,0.52292,0.52599,0.52837,0.52979,0.5308,0.53137,0.53058,0.52896,0.5269,0.5255,0.52308,0.52031,0.51705,0.51431,0.51008,0.5084,0.50552,0.50306,0.50099,0.49809,0.49611,0.49525,0.49311,0.49245,0.49152,0.4908,0.48881,0.48862,0.48748,0.4862,0.48385,0.48275,0.48313,0.48269,0.48094,0.48064,0.47887,0.48058,0.4813,0.48374,0.48659,0.49009,0.49203,0.49611,0.49718,0.49915,0.50294,0.50533,0.50776,0.50957,0.50922,0.50944,0.50896,0.50846,0.51009,0.51164,0.51239,0.5125,0.51245,0.51395,0.51527,0.51518,0.51551,0.51768,0.51924,0.52018,0.52039,0.51964,0.5201,0.51898,0.51786,0.51827,0.51784,0.51559,0.51361,0.51091,0.50821
0.48256,0.49112,0.49929,0.50617,0.51136,0.51639,0.51896,0.52106,0.52057,0.51933,0.51778,0.51469,0.51184,0.50853,0.5063,0.50376,0.50405,0.50493,0.50623,0.50889,0.51022,0.5147,0.51761,0.52069,0.52409,0.5265,0.52805,0.52945,0.53048,0.53014,0.52918,0.52733,0.52614,0.5238,0.52104,0.51753,0.51454,0.50992,0.508,0.50463,0.5019,0.49945,0.49614,0.49371,0.49257,0.49024,0.48978,0.48884,0.4881,0.48625,0.48621,0.48503,0.48404,0.48202,0.48122,0.48174,0.48165,0.48023,0.48025,0.47866,0.48065,0.48174,0.4845,0.48757,0.49141,0.49363,0.49772,0.49904,0.50113,0.50484,0.50711,0.5096,0.51136,0.51099,0.51125,0.51078,0.51043,0.51201,0.51377,0.51484,0.51534,0.51545,0.51715,0.51855,0.51863,0.51906,0.52114,0.52279,0.5233,0.52346,0.52257,0.52289,0.52137,0.52,0.52012,0.51935,0.51692,0.51477,0.51174,0.50856
0.48411,0.49224,0.49977,0.50613,0.51107,0.51597,0.51856,0.52091,0.52063,0.51974,0.51875,0.51598,0.51346,0.51016,0.50795,0.50506,0.50516,0.50561,0.50642,0.50854,0.50918,0.51322,0.51577,0.5189,0.52255,0.52491,0.52668,0.52846,0.52991,0.53005,0.52969,0.52811,0.52721,0.52507,0.52235,0.51859,0.51543,0.51033,0.50809,0.5043,0.50138,0.4986,0.49488,0.49191,0.49051,0.488,0.48781,0.48685,0.48606,0.48422,0.48418,0.48273,0.48175,0.47992,0.47926,0.47972,0.47994,0.47879,0.47915,0.47778,0.48022,0.48179,0.48511,0.48852,0.49284,0.49541,0.49943,0.50083,0.50295,0.50637,0.5083,0.51053,0.512,0.51144,0.51148,0.51095,0.51079,0.51228,0.51422,0.51575,0.51671,0.51705,0.51915,0.52093,0.52141,0.52205,0.52418,0.52611,0.52649,0.52675,0.52575,0.52607,0.52434,0.52277,0.5225,0.52134,0.51861,0.51611,0.5126,0.50875
0.48562,0.49346,0.50044,0.50638,0.51109,0.51582,0.5183,0.52074,0.52055,0.51986,0.51931,0.51678,0.51449,0.51112,0.50894,0.5058,0.50573,0.50586,0.50635,0.50812,0.50835,0.51205,0.51433,0.51758,0.52142,0.52371,0.5255,0.52747,0.52909,0.52934,0.52917,0.52745,0.5265,0.52423,0.5214,0.51728,0.51395,0.50851,0.50606,0.50195,0.49888,0.49588,0.49199,0.48861,0.48698,0.48433,0.48421,0.48321,0.48233,0.48043,0.48047,0.47895,0.4782,0.47669,0.47631,0.47687,0.47752,0.4767,0.47747,0.4763,0.47896,0.4809,0.48444,0.4878,0.49236,0.49514,0.49901,0.50061,0.50284,0.5062,0.50817,0.51058,0.51216,0.51183,0.51217,0.51208,0.51231,0.51399,0.51615,0.51808,0.5194,0.51985,0.52199,0.52379,0.52444,0.52486,0.52663,0.52853,0.52851,0.52876,0.52762,0.52796,0.5261,0.52468,0.5243,0.52314,0.52051,0.51807,0.51445,0.51036
0.48482,0.49273,0.49948,0.50541,0.51016,0.51489,0.51734,0.51997,0.51999,0.51953,0.5195,0.51736,0.51553,0.51229,0.51039,0.50742,0.50741,0.50733,0.50765,0.50917,0.50915,0.51246,0.51437,0.51756,0.52125,0.52336,0.52512,0.52722,0.52891,0.52935,0.52954,0.52789,0.52707,0.52488,0.52211,0.51787,0.51454,0.50899,0.50651,0.50224,0.49923,0.49607,0.49214,0.48849,0.4867,0.48402,0.48394,0.48285,0.48178,0.47977,0.47957,0.47766,0.4768,0.47538,0.47497,0.47548,0.47622,0.47548,0.47636,0.47522,0.47795,0.48,0.48365,0.48691,0.49157,0.49444,0.49809,0.49984,0.50232,0.50566,0.50764,0.51032,0.51211,0.51212,0.51274,0.5131,0.51365,0.51562,0.51795,0.52024,0.52191,0.52241,0.52457,0.52647,0.52728,0.5276,0.52897,0.53065,0.53021,0.53023,0.52878,0.52889,0.52681,0.52535,0.52468,0.52341,0.52091,0.51854,0.5149,0.51086
0.48511,0.49244,0.49837,0.50378,0.50825,0.51267,0.51509,0.51788,0.51819,0.51823,0.51899,0.51756,0.51645,0.5137,0.51227,0.50957,0.50962,0.50938,0.50948,0.51059,0.51009,0.51281,0.51414,0.51705,0.52036,0.52209,0.52378,0.52586,0.52761,0.52812,0.52852,0.52689,0.52616,0.52411,0.52143,0.51711,0.51381,0.50836,0.50592,0.50163,0.49886,0.49576,0.49198,0.48835,0.48666,0.48413,0.48421,0.48312,0.48196,0.4798,0.47943,0.47723,0.47625,0.47486,0.47439,0.47472,0.47552,0.47479,0.47553,0.47438,0.47704,0.47918,0.48266,0.48556,0.49003,0.49279,0.49604,0.49781,0.50035,0.50354,0.50565,0.50853,0.51049,0.51081,0.51185,0.51281,0.51384,0.51619,0.51876,0.5215,0.52346,0.52402,0.52615,0.5282,0.52912,0.52929,0.53022,0.53168,0.5308,0.53059,0.52891,0.5288,0.52656,0.52519,0.52434,0.52304,0.52057,0.51842,0.51467,0.51069
0.48804,0.49458,0.49944,0.50397,0.50775,0.51141,0.51338,0.51591,0.51618,0.51649,0.51777,0.51688,0.51644,0.5143,0.51356,0.51147,0.51203,0.51214,0.51257,0.51373,0.51312,0.51549,0.51649,0.51917,0.52209,0.52335,0.52487,0.52666,0.52808,0.52837,0.52861,0.5268,0.52605,0.52403,0.52151,0.51717,0.51403,0.50879,0.50663,0.50265,0.50033,0.49761,0.49427,0.49088,0.48949,0.48724,0.48749,0.48631,0.4849,0.48258,0.48184,0.47921,0.47787,0.47625,0.47543,0.47527,0.47588,0.47488,0.47529,0.47391,0.47627,0.47824,0.48125,0.48362,0.48767,0.49022,0.49303,0.49468,0.49729,0.50044,0.50266,0.50582,0.50812,0.50898,0.51057,0.51232,0.51399,0.51683,0.51966,0.52286,0.52505,0.52572,0.52774,0.52986,0.53081,0.53065,0.53107,0.53224,0.53099,0.53053,0.52864,0.52848,0.52628,0.52512,0.52426,0.52317,0.521,0.51909,0.5155,0.51172
0.48606,0.49236,0.49672,0.5009,0.50452,0.50782,0.50964,0.51212,0.51258,0.51327,0.51519,0.51505,0.51546,0.51429,0.51452,0.51335,0.51463,0.51528,0.51623,0.5175,0.51688,0.51878,0.51936,0.52153,0.5238,0.52429,0.52534,0.52671,0.52772,0.52776,0.52794,0.52609,0.52537,0.52362,0.52145,0.51732,0.51446,0.50971,0.50775,0.50392,0.50184,0.49912,0.49588,0.49237,0.49084,0.48847,0.48838,0.48676,0.48488,0.4822,0.48097,0.47805,0.47655,0.47487,0.47393,0.47361,0.47426,0.47331,0.47347,0.47213,0.47419,0.47602,0.47849,0.48026,0.48385,0.48618,0.48856,0.49034,0.49319,0.49648,0.4992,0.50307,0.50594,0.50755,0.50995,0.51245,0.51457,0.51783,0.52054,0.52379,0.52565,0.52609,0.52753,0.52946,0.53022,0.52955,0.5295,0.53036,0.52894,0.52848,0.52662,0.52648,0.52441,0.52361,0.5228,0.52196,0.52011,0.51852,0.51506,0.51159
0.48513,0.49106,0.49494,0.4988,0.50228,0.50517,0.5067,0.50903,0.50948,0.51037,0.51275,0.51322,0.5142,0.5139,0.51499,0.51483,0.51682,0.51811,0.51966,0.52133,0.52097,0.52268,0.52323,0.52497,0.5267,0.52651,0.52721,0.52819,0.5286,0.52826,0.5281,0.52594,0.52502,0.52334,0.52128,0.5172,0.51452,0.51026,0.50854,0.50501,0.50327,0.50095,0.49807,0.4948,0.49346,0.49122,0.49101,0.48905,0.48666,0.48374,0.48189,0.47855,0.47667,0.47472,0.47337,0.47275,0.47335,0.47226,0.47215,0.47082,0.47259,0.47425,0.47609,0.47731,0.4803,0.48235,0.48411,0.48575,0.48865,0.49192,0.49482,0.49912,0.50238,0.50461,0.50771,0.51087,0.51327,0.51679,0.51944,0.52273,0.52431,0.52461,0.52551,0.52741,0.52805,0.52704,0.52663,0.5274,0.52591,0.52542,0.52363,0.52339,0.52142,0.52079,0.5198,0.51906,0.51735,0.51605,0.51271,0.50971
0.47962,0.48621,0.49056,0.49505,0.49909,0.50221,0.50409,0.5067,0.50754,0.50886,0.51166,0.51277,0.51412,0.51452,0.51624,0.51691,0.51942,0.52116,0.52313,0.52501,0.52477,0.52618,0.5265,0.52778,0.52876,0.52785,0.52801,0.52823,0.52769,0.52672,0.52593,0.52338,0.52208,0.52046,0.51857,0.51482,0.51258,0.50906,0.50804,0.50529,0.5042,0.50257,0.50026,0.49735,0.49613,0.49385,0.49312,0.49058,0.48745,0.48402,0.48125,0.47737,0.47497,0.47271,0.47101,0.47013,0.47082,0.46974,0.46957,0.46852,0.47026,0.47204,0.47335,0.47417,0.47684,0.47878,0.48027,0.48204,0.48514,0.48858,0.49184,0.49672,0.50041,0.50333,0.50705,0.51081,0.51351,0.51724,0.51969,0.52271,0.52375,0.5236,0.52368,0.52539,0.52574,0.52424,0.52348,0.52399,0.52247,0.52204,0.52047,0.52042,0.5189,0.5189,0.51819,0.51786,0.5166,0.51572,0.51263,0.51016
0.47776,0.48416,0.48822,0.49258,0.49646,0.49914,0.50081,0.50319,0.50399,0.50545,0.50843,0.51019,0.51201,0.5135,0.51619,0.51805,0.52162,0.52433,0.52717,0.52952,0.52984,0.5313,0.53174,0.53254,0.53271,0.53105,0.5306,0.52992,0.52837,0.52665,0.52513,0.52216,0.52029,0.51861,0.51664,0.51312,0.51122,0.50837,0.50789,0.50571,0.50518,0.50408,0.50238,0.49993,0.49903,0.49688,0.49592,0.49299,0.48938,0.48566,0.4821,0.4778,0.47483,0.47228,0.47012,0.46886,0.46936,0.46801,0.46745,0.46651,0.46809,0.46975,0.47046,0.47073,0.47292,0.47464,0.47571,0.4774,0.48063,0.4842,0.48776,0.49322,0.49741,0.50102,0.50536,0.50975,0.51286,0.51683,0.51922,0.52197,0.52237,0.52178,0.52106,0.52247,0.52245,0.52049,0.51938,0.51978,0.51826,0.51794,0.51667,0.51686,0.51581,0.5163,0.51585,0.51588,0.51499,0.51445,0.51161,0.50957
0.4727,0.47969,0.48429,0.48923,0.49358,0.49641,0.49822,0.50072,0.5017,0.50334,0.5064,0.5086,0.51049,0.51264,0.51595,0.51866,0.52291,0.52631,0.52996,0.53294,0.53394,0.5356,0.53637,0.53693,0.53658,0.53438,0.53347,0.53209,0.52946,0.52691,0.5245,0.52099,0.51831,0.51648,0.51434,0.51089,0.50936,0.50724,0.50722,0.50557,0.50549,0.50484,0.50368,0.50176,0.50109,0.49911,0.49779,0.49443,0.49037,0.48647,0.48225,0.47777,0.47445,0.47177,0.46922,0.46765,0.46796,0.46626,0.46531,0.46444,0.46579,0.46726,0.46733,0.46696,0.46851,0.47011,0.47086,0.47273,0.47614,0.47987,0.48385,0.48986,0.49449,0.49874,0.50361,0.50844,0.51177,0.51573,0.51775,0.52002,0.51975,0.51855,0.51699,0.51808,0.51789,0.51576,0.51453,0.51504,0.51386,0.51407,0.51348,0.51407,0.51373,0.51477,0.51453,0.51489,0.51414,0.51368,0.51082,0.50896
0.46864,0.47612,0.48122,0.48674,0.49156,0.49448,0.49649,0.49905,0.50015,0.50182,0.50478,0.5072,0.50899,0.51169,0.51543,0.51879,0.52363,0.52773,0.5321,0.53553,0.53712,0.53901,0.54026,0.54067,0.53984,0.53717,0.53584,0.53359,0.52991,0.52665,0.52327,0.51916,0.51575,0.51365,0.51125,0.50797,0.50672,0.50522,0.50573,0.50471,0.50514,0.50507,0.50442,0.50299,0.50251,0.50058,0.49886,0.49502,0.49041,0.48619,0.48109,0.47642,0.47269,0.46976,0.46695,0.46521,0.46546,0.46371,0.4628,0.4623,0.46368,0.46526,0.46499,0.46433,0.46541,0.46688,0.46729,0.46916,0.47249,0.47629,0.48043,0.48675,0.49154,0.49621,0.50136,0.50635,0.5098,0.51368,0.51542,0.51703,0.51602,0.51429,0.51179,0.51245,0.51201,0.5097,0.50841,0.50902,0.50816,0.50884,0.50893,0.50987,0.51025,0.51197,0.51207,0.51287,0.5124,0.51206,0.50936,0.5078
0.46493,0.47312,0.47897,0.48537,0.49093,0.49426,0.49672,0.4995,0.50083,0.50255,0.50537,0.50795,0.5095,0.51259,0.51644,0.52016,0.52527,0.52967,0.53444,0.53793,0.53989,0.54185,0.54335,0.54343,0.54204,0.53886,0.53701,0.53402,0.52948,0.52561,0.52156,0.51706,0.51309,0.51092,0.5084,0.5055,0.5045,0.50358,0.50443,0.5038,0.50446,0.50465,0.50403,0.50273,0.5022,0.50001,0.49778,0.49349,0.48836,0.48404,0.4785,0.474,0.47023,0.46743,0.46471,0.46312,0.46353,0.46191,0.46113,0.46111,0.46252,0.46414,0.46343,0.46247,0.46309,0.4643,0.46433,0.46606,0.46919,0.47295,0.47703,0.48337,0.48815,0.4931,0.49855,0.50367,0.50723,0.51108,0.51278,0.51392,0.51251,0.51056,0.5076,0.50807,0.50762,0.50529,0.50407,0.50489,0.5043,0.50532,0.50585,0.50692,0.50773,0.50969,0.50981,0.51052,0.50994,0.50955,0.5067,0.50514
0.46231,0.47099,0.47755,0.48455,0.49064,0.4942,0.49706,0.50001,0.50156,0.50334,0.50593,0.50866,0.51,0.51342,0.51743,0.52141,0.52683,0.5315,0.53675,0.54046,0.54285,0.54507,0.54694,0.54673,0.54496,0.54134,0.53912,0.53519,0.5297,0.52505,0.52012,0.51516,0.51044,0.5079,0.5051,0.50243,0.50162,0.50124,0.50251,0.50222,0.50307,0.50346,0.50286,0.50177,0.50118,0.4987,0.49593,0.49115,0.48571,0.48132,0.47542,0.47101,0.46712,0.46436,0.46177,0.4603,0.46073,0.4591,0.45827,0.45853,0.45988,0.46155,0.4605,0.45938,0.45961,0.46086,0.46082,0.4627,0.46581,0.46975,0.47405,0.48063,0.48564,0.49091,0.49656,0.50174,0.5054,0.50927,0.5109,0.51159,0.50972,0.50742,0.50387,0.50403,0.50328,0.50093,0.49956,0.50039,0.49989,0.50108,0.50196,0.50307,0.50422,0.50649,0.50681,0.50771,0.50727,0.50691,0.5042,0.50295
0.45911,0.46853,0.47597,0.48375,0.49042,0.49434,0.4976,0.50063,0.50234,0.50397,0.50611,0.50871,0.50964,0.51315,0.51708,0.52122,0.52682,0.53181,0.53754,0.54143,0.54427,0.54687,0.54908,0.54864,0.54657,0.5426,0.53994,0.53516,0.52881,0.52341,0.51776,0.51246,0.50713,0.50438,0.50152,0.49928,0.49882,0.49901,0.50065,0.50077,0.50197,0.50262,0.502,0.50118,0.50066,0.49792,0.49466,0.48959,0.48404,0.47983,0.47378,0.46968,0.46594,0.46345,0.46103,0.45973,0.46014,0.45853,0.45781,0.45832,0.45951,0.46103,0.45957,0.45821,0.45801,0.45915,0.45911,0.46109,0.46406,0.46807,0.47243,0.47916,0.48428,0.48973,0.49544,0.50054,0.50406,0.50774,0.50905,0.509,0.50653,0.50383,0.49968,0.49935,0.49816,0.49565,0.49407,0.49496,0.49467,0.49606,0.49732,0.49856,0.50009,0.50262,0.50318,0.5043,0.50403,0.50381,0.50124,0.50029
0.461,0.47012,0.47753,0.4853,0.49205,0.49613,0.49965,0.50279,0.50484,0.50657,0.50849,0.51113,0.51184,0.51537,0.51909,0.52302,0.52842,0.53326,0.53892,0.54254,0.54537,0.54796,0.55033,0.54963,0.54728,0.5431,0.54015,0.53478,0.52795,0.52207,0.51594,0.51045,0.50459,0.50156,0.49846,0.49638,0.49586,0.49616,0.4977,0.4977,0.49873,0.49908,0.49817,0.49724,0.49656,0.49343,0.48978,0.48464,0.47926,0.47545,0.46965,0.46623,0.46312,0.46128,0.45956,0.45877,0.45956,0.45825,0.45795,0.45891,0.4602,0.4617,0.46011,0.45857,0.45806,0.45914,0.45923,0.46128,0.46396,0.4681,0.47243,0.47915,0.48424,0.48969,0.49537,0.50029,0.50371,0.50708,0.50824,0.5075,0.50461,0.50155,0.49684,0.49606,0.49451,0.49192,0.48998,0.4906,0.4902,0.49161,0.493,0.49425,0.49588,0.49849,0.49916,0.50045,0.50025,0.50025,0.49797,0.49731
0.46506,0.47426,0.48194,0.48997,0.49693,0.50118,0.50487,0.50804,0.51029,0.51191,0.51346,0.51582,0.51615,0.51937,0.52262,0.52609,0.53109,0.53545,0.54079,0.54379,0.5465,0.54878,0.55092,0.54987,0.54719,0.54279,0.53966,0.53392,0.52678,0.52062,0.51438,0.50908,0.50309,0.49997,0.49694,0.49511,0.49457,0.49492,0.49632,0.49609,0.49681,0.49661,0.49518,0.49398,0.49289,0.4893,0.48531,0.48009,0.4749,0.4716,0.46624,0.46357,0.46102,0.4599,0.45893,0.45858,0.45972,0.45857,0.45858,0.45978,0.46095,0.46241,0.4607,0.45898,0.45816,0.45918,0.45937,0.46155,0.46403,0.46829,0.47249,0.47909,0.48407,0.48962,0.49516,0.49973,0.50313,0.50626,0.50744,0.50628,0.50326,0.5002,0.49535,0.49438,0.4927,0.49027,0.48808,0.4886,0.48806,0.48942,0.49073,0.49175,0.49322,0.49566,0.4961,0.49737,0.49716,0.49714,0.4951,0.49471
0.46507,0.47452,0.4827,0.49112,0.49849,0.50314,0.50724,0.51067,0.51324,0.51497,0.51625,0.51842,0.51841,0.52122,0.52408,0.52704,0.53158,0.53544,0.54036,0.54268,0.54513,0.54711,0.54897,0.54747,0.54448,0.53993,0.53652,0.53038,0.52302,0.5166,0.51018,0.50516,0.49922,0.49611,0.49319,0.49178,0.49135,0.49178,0.49322,0.49306,0.49383,0.49334,0.49163,0.49034,0.4892,0.48548,0.48137,0.47643,0.47169,0.46898,0.46428,0.46242,0.46044,0.4598,0.45944,0.45942,0.46051,0.45935,0.4595,0.46055,0.46133,0.46243,0.46055,0.45869,0.45781,0.45868,0.45905,0.46147,0.46387,0.46835,0.47265,0.47915,0.48406,0.48966,0.49508,0.49939,0.50276,0.50581,0.50711,0.5057,0.50281,0.49982,0.49505,0.49394,0.49212,0.48975,0.48741,0.48759,0.48682,0.48789,0.48896,0.48964,0.49099,0.49333,0.49368,0.49509,0.49507,0.49528,0.49368,0.49379
0.46926,0.47808,0.48589,0.49397,0.50114,0.50592,0.51017,0.51378,0.51677,0.51867,0.51984,0.52192,0.52185,0.52432,0.52667,0.52908,0.53281,0.53591,0.54014,0.54153,0.54337,0.54477,0.54612,0.54424,0.54101,0.53636,0.53269,0.52631,0.51886,0.5122,0.50577,0.50092,0.495,0.4917,0.48878,0.48758,0.48697,0.48737,0.48869,0.48846,0.48925,0.48868,0.48681,0.48558,0.48459,0.48107,0.47719,0.47293,0.46909,0.46723,0.46356,0.46274,0.46159,0.46167,0.4621,0.46258,0.46383,0.46273,0.46299,0.46378,0.46413,0.46465,0.4624,0.46021,0.45889,0.45927,0.45954,0.46188,0.46383,0.46822,0.47242,0.47857,0.48327,0.4888,0.49406,0.49811,0.50137,0.50431,0.50571,0.50395,0.50117,0.49813,0.4934,0.49195,0.48985,0.48742,0.4847,0.48433,0.48319,0.48388,0.4847,0.48506,0.48624,0.48853,0.48899,0.49065,0.49099,0.49173,0.49082,0.49167
0.47538,0.4833,0.49047,0.49792,0.50468,0.50928,0.51347,0.51709,0.52035,0.52229,0.52325,0.52508,0.525,0.52696,0.52868,0.53042,0.53327,0.53538,0.53866,0.53898,0.54011,0.5408,0.54143,0.53912,0.53566,0.53096,0.52726,0.52091,0.51368,0.50717,0.50115,0.4969,0.49139,0.48817,0.48559,0.48477,0.48408,0.48449,0.48566,0.48533,0.48608,0.48511,0.48302,0.48177,0.48073,0.47725,0.47353,0.46975,0.4667,0.46557,0.46284,0.46283,0.46239,0.46302,0.46402,0.46485,0.46609,0.46504,0.46529,0.46571,0.46548,0.46543,0.46295,0.46045,0.45877,0.45889,0.45926,0.4618,0.46364,0.46813,0.47251,0.47865,0.48344,0.48914,0.49446,0.49842,0.50169,0.50461,0.50612,0.50415,0.50155,0.49848,0.49372,0.49184,0.48935,0.48682,0.48355,0.48252,0.48073,0.48088,0.48117,0.48105,0.48182,0.48387,0.48425,0.48604,0.48664,0.48774,0.48748,0.48906
0.48218,0.48882,0.49488,0.50134,0.50736,0.51172,0.51574,0.51944,0.52314,0.52535,0.52637,0.52814,0.52832,0.52994,0.53126,0.53232,0.5343,0.53551,0.53774,0.537,0.53728,0.53711,0.5369,0.53423,0.53071,0.52614,0.5225,0.51646,0.50966,0.50344,0.49797,0.49438,0.48949,0.48632,0.48404,0.48339,0.48243,0.48252,0.48328,0.48271,0.48312,0.48182,0.47952,0.47827,0.47738,0.47418,0.4709,0.46792,0.46608,0.46605,0.46473,0.46586,0.46643,0.4677,0.46956,0.47084,0.47215,0.47123,0.47153,0.47139,0.47056,0.46995,0.46718,0.46429,0.46228,0.46204,0.46238,0.46503,0.46668,0.47103,0.47533,0.48115,0.48575,0.49118,0.4962,0.49968,0.50263,0.50527,0.50657,0.50421,0.50168,0.49844,0.49373,0.49145,0.48855,0.48579,0.48204,0.48047,0.47817,0.47791,0.47789,0.4775,0.47808,0.48032,0.481,0.48332,0.48462,0.48653,0.48715,0.48963
0.48434,0.49005,0.49536,0.50115,0.50671,0.51093,0.51484,0.5187,0.52277,0.52527,0.52636,0.52814,0.52859,0.52982,0.53083,0.53143,0.53271,0.53314,0.53443,0.53278,0.53233,0.53159,0.53078,0.52795,0.52444,0.52008,0.51675,0.51125,0.50502,0.49921,0.49436,0.4915,0.48724,0.48417,0.48225,0.48171,0.48056,0.48044,0.48106,0.48053,0.48095,0.47965,0.47749,0.47645,0.47598,0.47341,0.47079,0.46872,0.468,0.4688,0.46871,0.4707,0.47194,0.47352,0.47595,0.47729,0.47849,0.47752,0.47767,0.47674,0.47504,0.47354,0.47036,0.46693,0.46457,0.46379,0.46386,0.46644,0.4678,0.47203,0.47632,0.48182,0.48615,0.49151,0.49638,0.49951,0.50227,0.50472,0.50598,0.50347,0.50126,0.49816,0.49376,0.49131,0.48829,0.48551,0.48145,0.47944,0.47664,0.47589,0.47528,0.47443,0.47451,0.47657,0.47695,0.4793,0.48082,0.48311,0.48431,0.48723
0.48658,0.49138,0.49585,0.50091,0.50602,0.5102,0.51406,0.51825,0.52297,0.52598,0.52748,0.52944,0.53045,0.5315,0.53238,0.53268,0.53318,0.53271,0.53291,0.53027,0.52889,0.52722,0.52542,0.52228,0.51864,0.51444,0.5113,0.50649,0.50092,0.49566,0.49162,0.48954,0.48614,0.48324,0.48176,0.48128,0.47981,0.47949,0.47969,0.47898,0.4792,0.47771,0.47568,0.47485,0.47471,0.47285,0.4709,0.46983,0.47022,0.47194,0.47305,0.47594,0.47773,0.47937,0.48206,0.48326,0.48404,0.48268,0.48221,0.48032,0.47746,0.47492,0.47123,0.46724,0.46459,0.46354,0.46368,0.46668,0.46833,0.47297,0.47783,0.48368,0.48835,0.49418,0.49941,0.50253,0.50526,0.50763,0.50882,0.5061,0.50387,0.50058,0.49606,0.49297,0.48938,0.48607,0.48132,0.47855,0.47501,0.47361,0.47242,0.4712,0.47093,0.47297,0.47332,0.47598,0.47801,0.48093,0.48285,0.48632
0.49303,0.49587,0.49854,0.50203,0.50588,0.50939,0.51274,0.51692,0.52203,0.52549,0.52739,0.52961,0.53128,0.53242,0.5333,0.53339,0.53331,0.53217,0.53124,0.52779,0.52547,0.52294,0.52028,0.51689,0.51324,0.50926,0.50642,0.50243,0.49757,0.49293,0.48968,0.48843,0.48581,0.48305,0.48184,0.4813,0.4794,0.47866,0.47844,0.47775,0.47795,0.47667,0.47507,0.47476,0.47543,0.47478,0.47408,0.47432,0.47609,0.47892,0.48122,0.48491,0.48707,0.48866,0.49144,0.49226,0.4924,0.49053,0.48924,0.48613,0.48211,0.47842,0.47412,0.46955,0.46649,0.46491,0.46481,0.4679,0.46959,0.47419,0.47918,0.48509,0.48969,0.49555,0.50083,0.50368,0.50622,0.50839,0.50946,0.50657,0.50438,0.50094,0.49653,0.49304,0.48899,0.4854,0.48021,0.47678,0.47265,0.47064,0.46894,0.46736,0.46674,0.46877,0.46916,0.47211,0.47463,0.47826,0.4811,0.4853
0.49472,0.49609,0.4974,0.49963,0.50256,0.5056,0.50861,0.51289,0.51851,0.52256,0.52506,0.5278,0.53024,0.53166,0.53277,0.53284,0.53241,0.53085,0.52908,0.52506,0.52198,0.51879,0.51549,0.5121,0.50873,0.5052,0.50294,0.49992,0.49599,0.49215,0.48982,0.48929,0.48747,0.48493,0.48395,0.48328,0.48104,0.47991,0.47926,0.47852,0.47863,0.47764,0.4765,0.4766,0.47781,0.47818,0.47832,0.47947,0.48235,0.48581,0.48898,0.49323,0.49568,0.49708,0.49988,0.50042,0.50012,0.49802,0.49622,0.49225,0.48725,0.48253,0.47762,0.47247,0.46901,0.46684,0.46621,0.46916,0.47065,0.47489,0.47984,0.48556,0.48998,0.49584,0.50112,0.50374,0.50611,0.50805,0.50892,0.50603,0.50383,0.50034,0.49609,0.49218,0.48769,0.4837,0.47815,0.47416,0.46949,0.46696,0.46484,0.46308,0.46218,0.46421,0.46472,0.4681,0.47123,0.47561,0.47942,0.48437
0.49186,0.49263,0.49337,0.49517,0.49779,0.50086,0.50373,0.50834,0.51445,0.51905,0.52209,0.52525,0.52839,0.53007,0.53148,0.53182,0.53139,0.52968,0.52742,0.52327,0.51991,0.5164,0.51278,0.50962,0.5065,0.50339,0.50153,0.49943,0.49608,0.49291,0.4911,0.49099,0.48975,0.48731,0.48645,0.48565,0.48318,0.48182,0.48103,0.48055,0.48087,0.48053,0.48023,0.48104,0.48303,0.48459,0.48571,0.48769,0.49137,0.49523,0.4987,0.50309,0.5052,0.50574,0.50784,0.5076,0.50633,0.50352,0.50093,0.49589,0.48986,0.4841,0.47874,0.47322,0.46957,0.46702,0.4661,0.46904,0.47055,0.47448,0.47934,0.48489,0.48903,0.49485,0.50004,0.50228,0.50436,0.50602,0.50668,0.50379,0.50167,0.49823,0.49433,0.49027,0.48579,0.48175,0.47628,0.47217,0.46752,0.46498,0.46292,0.4614,0.46062,0.46297,0.46378,0.4676,0.47133,0.47621,0.4807,0.48608
0.48811,0.48844,0.48884,0.49053,0.49314,0.49653,0.49966,0.50494,0.51178,0.51712,0.52097,0.52471,0.52848,0.53047,0.53194,0.5322,0.5313,0.52905,0.52584,0.52117,0.51706,0.51288,0.50873,0.5055,0.50243,0.49965,0.49818,0.49693,0.49429,0.49182,0.4907,0.491,0.4903,0.48805,0.48721,0.48632,0.48373,0.48226,0.48139,0.48117,0.48175,0.48221,0.48278,0.48441,0.48729,0.49013,0.49221,0.49507,0.49955,0.50376,0.50755,0.51187,0.51356,0.51337,0.51483,0.51387,0.51174,0.50838,0.50514,0.49931,0.49257,0.48612,0.48052,0.47487,0.47133,0.4687,0.46761,0.4707,0.47231,0.47601,0.48086,0.48632,0.4903,0.496,0.50103,0.50283,0.50455,0.50582,0.50598,0.5028,0.5005,0.49672,0.49277,0.48819,0.48325,0.47867,0.47284,0.46835,0.46331,0.46044,0.4581,0.45641,0.4556,0.45806,0.45912,0.46334,0.46762,0.4732,0.47852,0.48469
0.48144,0.48136,0.4814,0.48296,0.48552,0.48913,0.49252,0.49843,0.50595,0.5121,0.51685,0.52131,0.52574,0.5282,0.53008,0.53062,0.52976,0.52744,0.52377,0.5192,0.51483,0.51057,0.50654,0.50374,0.5011,0.49889,0.49799,0.49757,0.49553,0.49373,0.4929,0.49319,0.49261,0.49023,0.48901,0.48761,0.48466,0.48283,0.48185,0.48189,0.48271,0.4841,0.48573,0.48823,0.49222,0.49653,0.49985,0.50367,0.50899,0.51357,0.51747,0.5218,0.52304,0.52205,0.52271,0.52081,0.51775,0.51371,0.50967,0.50297,0.49546,0.48826,0.4823,0.47645,0.47291,0.47005,0.46862,0.47163,0.4733,0.47666,0.48144,0.48683,0.49056,0.49626,0.5013,0.50299,0.5047,0.50573,0.50569,0.50262,0.50047,0.49663,0.49285,0.48793,0.4827,0.4778,0.47171,0.46701,0.46163,0.45847,0.45592,0.45412,0.45339,0.45592,0.45716,0.46164,0.46637,0.47238,0.4783,0.48494
0.46986,0.47035,0.47096,0.47324,0.47649,0.48091,0.48512,0.49204,0.50049,0.50763,0.51346,0.5189,0.52417,0.52742,0.52992,0.53092,0.53036,0.52824,0.52442,0.51999,0.51543,0.51104,0.5069,0.50426,0.50172,0.49985,0.49921,0.49929,0.49764,0.49634,0.49577,0.49597,0.49552,0.49324,0.49186,0.49019,0.48713,0.48516,0.48413,0.48441,0.4855,0.48762,0.49009,0.49324,0.49789,0.50319,0.5072,0.51158,0.51732,0.52193,0.5258,0.52995,0.5307,0.52899,0.52894,0.52632,0.52256,0.5181,0.51331,0.50605,0.4979,0.48994,0.48353,0.47734,0.4736,0.47044,0.46852,0.47119,0.47265,0.47548,0.48005,0.48527,0.48889,0.49457,0.49961,0.50123,0.50301,0.50389,0.50361,0.50078,0.49855,0.49474,0.49112,0.48591,0.48053,0.47535,0.46929,0.46463,0.45941,0.45651,0.45415,0.45267,0.45233,0.45523,0.45695,0.46182,0.46696,0.47324,0.47959,0.48639
0.46236,0.46296,0.46372,0.46623,0.46973,0.47447,0.47896,0.48635,0.49512,0.50289,0.50952,0.51574,0.52168,0.52575,0.52887,0.53048,0.53052,0.52879,0.52515,0.52115,0.5166,0.51227,0.5083,0.50582,0.50335,0.50159,0.50116,0.50165,0.50035,0.49957,0.49909,0.49923,0.49891,0.49674,0.4953,0.49353,0.49049,0.48837,0.48735,0.48782,0.48907,0.49194,0.49509,0.49875,0.50401,0.51015,0.5148,0.51948,0.52551,0.52999,0.5336,0.53747,0.53756,0.53506,0.53425,0.53081,0.52626,0.52137,0.51601,0.50832,0.49964,0.49114,0.48442,0.47811,0.47423,0.47074,0.46833,0.47055,0.47168,0.47388,0.47808,0.48293,0.48631,0.49187,0.49675,0.49835,0.50025,0.50104,0.50077,0.49832,0.49629,0.49278,0.48948,0.48417,0.47888,0.47354,0.46752,0.463,0.45779,0.45485,0.45246,0.45094,0.4507,0.4534,0.45524,0.46026,0.46539,0.47172,0.47842,0.48532
0.44863,0.45038,0.45235,0.45607,0.46069,0.46646,0.47185,0.48019,0.48956,0.49803,0.50543,0.51231,0.5187,0.52338,0.52699,0.5291,0.52964,0.52838,0.52519,0.52188,0.51759,0.51364,0.51008,0.50792,0.50566,0.50402,0.50369,0.50424,0.50294,0.50232,0.50158,0.50123,0.50063,0.49833,0.49649,0.49449,0.4914,0.4892,0.48813,0.48866,0.49006,0.49359,0.49726,0.50133,0.50712,0.51391,0.51907,0.52406,0.53029,0.5347,0.53811,0.54184,0.5416,0.5386,0.53725,0.53332,0.52828,0.52316,0.51745,0.50967,0.50075,0.492,0.48499,0.47874,0.47487,0.47117,0.46843,0.47031,0.4712,0.4729,0.47675,0.48124,0.48433,0.48959,0.49425,0.49563,0.4975,0.49801,0.49745,0.49516,0.49306,0.48968,0.48643,0.48102,0.47568,0.47014,0.46424,0.45989,0.45488,0.45203,0.44987,0.44844,0.44864,0.45143,0.45363,0.459,0.46443,0.47087,0.47788,0.48495
0.43674,0.43961,0.44282,0.44767,0.45333,0.45996,0.46614,0.47512,0.4847,0.49359,0.50149,0.50883,0.51543,0.52065,0.52456,0.52706,0.52816,0.52743,0.5247,0.52207,0.51821,0.5148,0.51193,0.51016,0.5083,0.50704,0.50703,0.50776,0.50678,0.50663,0.50589,0.50533,0.50458,0.50237,0.50029,0.49816,0.49515,0.4928,0.49176,0.49222,0.49365,0.49757,0.50144,0.50556,0.51147,0.51838,0.52356,0.52845,0.53454,0.5385,0.5414,0.54468,0.54396,0.54055,0.53866,0.53439,0.52917,0.52406,0.51826,0.51064,0.50177,0.49301,0.48583,0.47972,0.4759,0.47194,0.46872,0.46987,0.4702,0.47118,0.47439,0.47836,0.48104,0.48595,0.49035,0.49166,0.49364,0.49413,0.49366,0.49182,0.48996,0.48712,0.48414,0.47897,0.47377,0.4682,0.46252,0.45852,0.45373,0.45096,0.44882,0.44742,0.44775,0.45042,0.45279,0.45817,0.46356,0.46983,0.47695,0.48409
